SKU_ID,电商商品,电商类目,品牌,规格名称,单位,成本价,销售价,净重kg_待填,毛重kg_待填,包装长cm_待填,包装宽cm_待填,包装高cm_待填,价格缺口
1961355004367384577,ACQ薄型气缸,气动元件 > 气缸,威特,20*30 SB,个,,,,,,,,缺成本价+缺售价
2084935577135812611,MALJ铝合金迷你气缸（亚德客型）,气动元件 > 气缸,,20*75-40,,,,,,,,,缺成本价+缺售价
2084935855943782401,MAL铝合金迷你气缸（亚德客型）,气动元件 > 气缸,东特,MAL16*50-S-CA,个,,,,,,,,缺成本价+缺售价
1947212835050262531,MAL铝合金迷你气缸（亚德客型）,气动元件 > 气缸,东特,MAL16-100,个,12.48,45.50,,,,,,
1947212888024322050,MAL铝合金迷你气缸（亚德客型）,气动元件 > 气缸,东特,MAL16-125,个,12.96,47.25,,,,,,
1947212888028516353,MAL铝合金迷你气缸（亚德客型）,气动元件 > 气缸,东特,MAL16-150,个,13.44,49.00,,,,,,
1947212943896645633,MAL铝合金迷你气缸（亚德客型）,气动元件 > 气缸,东特,MAL16-175,个,13.92,50.75,,,,,,
1947212943896645634,MAL铝合金迷你气缸（亚德客型）,气动元件 > 气缸,东特,MAL16-200,个,15.36,56.00,,,,,,
1947213735512805379,MAL铝合金迷你气缸（亚德客型）,气动元件 > 气缸,东特,MAL16-225,个,16.32,59.50,,,,,,
1947192555464593410,MAL铝合金迷你气缸（亚德客型）,气动元件 > 气缸,东特,MAL16-25,个,10.56,38.50,,,,,,
1947213735508611074,MAL铝合金迷你气缸（亚德客型）,气动元件 > 气缸,东特,MAL16-250,个,17.28,63.00,,,,,,
1947213735512805378,MAL铝合金迷你气缸（亚德客型）,气动元件 > 气缸,东特,MAL16-275,个,17.76,64.75,,,,,,
1947213735508611075,MAL铝合金迷你气缸（亚德客型）,气动元件 > 气缸,东特,MAL16-300,个,18.72,68.25,,,,,,
1947213735508611076,MAL铝合金迷你气缸（亚德客型）,气动元件 > 气缸,东特,MAL16-350,个,20.16,73.50,,,,,,
1947213735508611077,MAL铝合金迷你气缸（亚德客型）,气动元件 > 气缸,东特,MAL16-400,个,21.60,78.75,,,,,,
1947213735508611078,MAL铝合金迷你气缸（亚德客型）,气动元件 > 气缸,东特,MAL16-450,个,22.56,82.25,,,,,,
1947212835050262529,MAL铝合金迷你气缸（亚德客型）,气动元件 > 气缸,东特,MAL16-50,个,11.04,40.25,,,,,,
1947213735512805377,MAL铝合金迷你气缸（亚德客型）,气动元件 > 气缸,东特,MAL16-500,个,23.52,85.75,,,,,,
1947212835050262530,MAL铝合金迷你气缸（亚德客型）,气动元件 > 气缸,东特,MAL16-75,个,11.52,42.00,,,,,,
2084935855943782403,MAL铝合金迷你气缸（亚德客型）,气动元件 > 气缸,东特,MAL20*65,个,,,,,,,,缺成本价+缺售价
1947214128468758530,MAL铝合金迷你气缸（亚德客型）,气动元件 > 气缸,东特,MAL20-100,个,14.88,54.25,,,,,,
1947214128468758531,MAL铝合金迷你气缸（亚德客型）,气动元件 > 气缸,东特,MAL20-125,个,15.36,56.00,,,,,,
1947214128468758532,MAL铝合金迷你气缸（亚德客型）,气动元件 > 气缸,东特,MAL20-150,个,16.32,59.50,,,,,,
1947214128468758533,MAL铝合金迷你气缸（亚德客型）,气动元件 > 气缸,东特,MAL20-175,个,17.28,63.00,,,,,,
1947214128468758534,MAL铝合金迷你气缸（亚德客型）,气动元件 > 气缸,东特,MAL20-200,个,17.76,64.75,,,,,,
1947214128468758535,MAL铝合金迷你气缸（亚德客型）,气动元件 > 气缸,东特,MAL20-225,个,18.72,68.25,,,,,,
1947214128464564225,MAL铝合金迷你气缸（亚德客型）,气动元件 > 气缸,东特,MAL20-25,个,12.00,43.75,,,,,,
1947214128468758536,MAL铝合金迷你气缸（亚德客型）,气动元件 > 气缸,东特,MAL20-250,个,19.20,70.00,,,,,,
1947214128468758537,MAL铝合金迷你气缸（亚德客型）,气动元件 > 气缸,东特,MAL20-275,个,20.16,73.50,,,,,,
1947214128468758538,MAL铝合金迷你气缸（亚德客型）,气动元件 > 气缸,东特,MAL20-300,个,21.12,77.00,,,,,,
1947214128468758539,MAL铝合金迷你气缸（亚德客型）,气动元件 > 气缸,东特,MAL20-350,个,22.56,82.25,,,,,,
1947214128468758540,MAL铝合金迷你气缸（亚德客型）,气动元件 > 气缸,东特,MAL20-400,个,24.00,87.50,,,,,,
1947214128468758541,MAL铝合金迷你气缸（亚德客型）,气动元件 > 气缸,东特,MAL20-450,个,25.44,92.75,,,,,,
1947214128464564226,MAL铝合金迷你气缸（亚德客型）,气动元件 > 气缸,东特,MAL20-50,个,12.96,47.25,,,,,,
1947214128472952834,MAL铝合金迷你气缸（亚德客型）,气动元件 > 气缸,东特,MAL20-500,个,26.88,98.00,,,,,,
1947214128464564227,MAL铝合金迷你气缸（亚德客型）,气动元件 > 气缸,东特,MAL20-75,个,13.92,50.75,,,,,,
2084935855943782402,MAL铝合金迷你气缸（亚德客型）,气动元件 > 气缸,东特,MAL25*35-S,个,,,,,,,,缺成本价+缺售价
2084935855943782404,MAL铝合金迷你气缸（亚德客型）,气动元件 > 气缸,东特,MAL25*45,个,,,,,,,,缺成本价+缺售价
1947215161852989441,MAL铝合金迷你气缸（亚德客型）,气动元件 > 气缸,东特,MAL25-100,个,17.28,63.00,,,,,,
1947215161852989442,MAL铝合金迷你气缸（亚德客型）,气动元件 > 气缸,东特,MAL25-125,个,18.24,66.50,,,,,,
1947215161852989443,MAL铝合金迷你气缸（亚德客型）,气动元件 > 气缸,东特,MAL25-150,个,19.20,70.00,,,,,,
1947215161852989444,MAL铝合金迷你气缸（亚德客型）,气动元件 > 气缸,东特,MAL25-175,个,20.16,73.50,,,,,,
1947215161852989445,MAL铝合金迷你气缸（亚德客型）,气动元件 > 气缸,东特,MAL25-200,个,21.12,77.00,,,,,,
1947215161852989446,MAL铝合金迷你气缸（亚德客型）,气动元件 > 气缸,东特,MAL25-225,个,22.08,80.50,,,,,,
1947215161848795138,MAL铝合金迷你气缸（亚德客型）,气动元件 > 气缸,东特,MAL25-25,个,14.40,52.50,,,,,,
1947215161852989447,MAL铝合金迷你气缸（亚德客型）,气动元件 > 气缸,东特,MAL25-250,个,22.56,82.25,,,,,,
1947215161852989448,MAL铝合金迷你气缸（亚德客型）,气动元件 > 气缸,东特,MAL25-275,个,23.52,85.75,,,,,,
1947215161852989449,MAL铝合金迷你气缸（亚德客型）,气动元件 > 气缸,东特,MAL25-300,个,24.48,89.25,,,,,,
1947215161852989450,MAL铝合金迷你气缸（亚德客型）,气动元件 > 气缸,东特,MAL25-350,个,26.40,96.25,,,,,,
1947215161857183745,MAL铝合金迷你气缸（亚德客型）,气动元件 > 气缸,东特,MAL25-400,个,28.32,103.25,,,,,,
1947215161857183746,MAL铝合金迷你气缸（亚德客型）,气动元件 > 气缸,东特,MAL25-450,个,30.72,112.00,,,,,,
1947215161848795139,MAL铝合金迷你气缸（亚德客型）,气动元件 > 气缸,东特,MAL25-50,个,15.36,56.00,,,,,,
1947215161857183747,MAL铝合金迷你气缸（亚德客型）,气动元件 > 气缸,东特,MAL25-500,个,32.64,119.00,,,,,,
1947215161848795140,MAL铝合金迷你气缸（亚德客型）,气动元件 > 气缸,东特,MAL25-75,个,16.32,59.50,,,,,,
1950744003066470405,MAL铝合金迷你气缸（亚德客型）,气动元件 > 气缸,东特,MAL32-100,个,20.64,36.12,,,,,,
1950744003066470406,MAL铝合金迷你气缸（亚德客型）,气动元件 > 气缸,东特,MAL32-125,个,21.60,37.80,,,,,,
1950744003066470407,MAL铝合金迷你气缸（亚德客型）,气动元件 > 气缸,东特,MAL32-150,个,22.56,39.48,,,,,,
1950744003070664706,MAL铝合金迷你气缸（亚德客型）,气动元件 > 气缸,东特,MAL32-175,个,23.52,41.16,,,,,,
1950744003070664707,MAL铝合金迷你气缸（亚德客型）,气动元件 > 气缸,东特,MAL32-200,个,24.96,43.68,,,,,,
1950744003070664708,MAL铝合金迷你气缸（亚德客型）,气动元件 > 气缸,东特,MAL32-225,个,25.92,45.36,,,,,,
1950744003066470402,MAL铝合金迷你气缸（亚德客型）,气动元件 > 气缸,东特,MAL32-25,个,17.28,30.24,,,,,,
1950744003070664709,MAL铝合金迷你气缸（亚德客型）,气动元件 > 气缸,东特,MAL32-250,个,26.88,47.04,,,,,,
1950744003070664710,MAL铝合金迷你气缸（亚德客型）,气动元件 > 气缸,东特,MAL32-275,个,27.84,48.72,,,,,,
1950744003070664711,MAL铝合金迷你气缸（亚德客型）,气动元件 > 气缸,东特,MAL32-300,个,28.80,50.40,,,,,,
1950744003070664712,MAL铝合金迷你气缸（亚德客型）,气动元件 > 气缸,东特,MAL32-350,个,31.20,54.60,,,,,,
1950744003070664713,MAL铝合金迷你气缸（亚德客型）,气动元件 > 气缸,东特,MAL32-400,个,33.60,58.80,,,,,,
1950744003070664714,MAL铝合金迷你气缸（亚德客型）,气动元件 > 气缸,东特,MAL32-450,个,36.00,63.00,,,,,,
1950744003066470403,MAL铝合金迷你气缸（亚德客型）,气动元件 > 气缸,东特,MAL32-50,个,18.24,31.92,,,,,,
1950744003070664715,MAL铝合金迷你气缸（亚德客型）,气动元件 > 气缸,东特,MAL32-500,个,38.40,67.20,,,,,,
1950744003066470404,MAL铝合金迷你气缸（亚德客型）,气动元件 > 气缸,东特,MAL32-75,个,19.68,34.44,,,,,,
1950744003070664719,MAL铝合金迷你气缸（亚德客型）,气动元件 > 气缸,东特,MAL40-100,个,31.68,55.44,,,,,,
1950744003070664720,MAL铝合金迷你气缸（亚德客型）,气动元件 > 气缸,东特,MAL40-125,个,33.60,58.80,,,,,,
1950744003070664721,MAL铝合金迷你气缸（亚德客型）,气动元件 > 气缸,东特,MAL40-150,个,36.00,63.00,,,,,,
1950744003074859010,MAL铝合金迷你气缸（亚德客型）,气动元件 > 气缸,东特,MAL40-175,个,38.40,67.20,,,,,,
1950744003074859011,MAL铝合金迷你气缸（亚德客型）,气动元件 > 气缸,东特,MAL40-200,个,40.32,70.56,,,,,,
1950744003074859012,MAL铝合金迷你气缸（亚德客型）,气动元件 > 气缸,东特,MAL40-225,个,43.20,75.60,,,,,,
1950744003070664716,MAL铝合金迷你气缸（亚德客型）,气动元件 > 气缸,东特,MAL40-25,个,26.88,47.04,,,,,,
1950744003074859013,MAL铝合金迷你气缸（亚德客型）,气动元件 > 气缸,东特,MAL40-250,个,45.12,78.96,,,,,,
1950744003074859014,MAL铝合金迷你气缸（亚德客型）,气动元件 > 气缸,东特,MAL40-275,个,47.52,83.16,,,,,,
1950744003074859015,MAL铝合金迷你气缸（亚德客型）,气动元件 > 气缸,东特,MAL40-300,个,49.44,86.52,,,,,,
1950744003074859016,MAL铝合金迷你气缸（亚德客型）,气动元件 > 气缸,东特,MAL40-350,个,52.80,92.40,,,,,,
1950744003074859017,MAL铝合金迷你气缸（亚德客型）,气动元件 > 气缸,东特,MAL40-400,个,56.64,99.12,,,,,,
1950744003074859018,MAL铝合金迷你气缸（亚德客型）,气动元件 > 气缸,东特,MAL40-450,个,60.48,105.84,,,,,,
1950744003070664717,MAL铝合金迷你气缸（亚德客型）,气动元件 > 气缸,东特,MAL40-50,个,28.32,49.56,,,,,,
1950744003074859019,MAL铝合金迷你气缸（亚德客型）,气动元件 > 气缸,东特,MAL40-500,个,63.84,111.72,,,,,,
1950744003070664718,MAL铝合金迷你气缸（亚德客型）,气动元件 > 气缸,东特,MAL40-75,个,29.76,52.08,,,,,,
1951549675584626692,MA系列不锈钢迷你气缸（亚德客型）,气动元件 > 气缸,东特,MA16-100,,21.00,73.50,,,,,,
1951549675584626693,MA系列不锈钢迷你气缸（亚德客型）,气动元件 > 气缸,东特,MA16-125,,21.50,75.25,,,,,,
1951549675584626694,MA系列不锈钢迷你气缸（亚德客型）,气动元件 > 气缸,东特,MA16-150,,22.50,78.75,,,,,,
1951549675588820993,MA系列不锈钢迷你气缸（亚德客型）,气动元件 > 气缸,东特,MA16-175,,23.50,82.25,,,,,,
1951549675588820994,MA系列不锈钢迷你气缸（亚德客型）,气动元件 > 气缸,东特,MA16-200,,24.50,85.75,,,,,,
1951549675588820995,MA系列不锈钢迷你气缸（亚德客型）,气动元件 > 气缸,东特,MA16-225,,27.00,94.50,,,,,,
1951549675580432386,MA系列不锈钢迷你气缸（亚德客型）,气动元件 > 气缸,东特,MA16-25,,17.50,61.25,,,,,,
1951549675588820996,MA系列不锈钢迷你气缸（亚德客型）,气动元件 > 气缸,东特,MA16-250,,28.50,99.75,,,,,,
1951549675588820997,MA系列不锈钢迷你气缸（亚德客型）,气动元件 > 气缸,东特,MA16-275,,29.50,103.25,,,,,,
1951549675588820998,MA系列不锈钢迷你气缸（亚德客型）,气动元件 > 气缸,东特,MA16-300,,31.50,110.25,,,,,,
1951549675584626690,MA系列不锈钢迷你气缸（亚德客型）,气动元件 > 气缸,东特,MA16-50,,19.00,66.50,,,,,,
1951549675584626691,MA系列不锈钢迷你气缸（亚德客型）,气动元件 > 气缸,东特,MA16-75,,20.00,70.00,,,,,,
1951549675588821002,MA系列不锈钢迷你气缸（亚德客型）,气动元件 > 气缸,东特,MA20-100,,21.50,75.25,,,,,,
1951549675588821003,MA系列不锈钢迷你气缸（亚德客型）,气动元件 > 气缸,东特,MA20-125,,23.00,80.50,,,,,,
1951549675588821004,MA系列不锈钢迷你气缸（亚德客型）,气动元件 > 气缸,东特,MA20-150,,27.00,94.50,,,,,,
1951549675588821005,MA系列不锈钢迷你气缸（亚德客型）,气动元件 > 气缸,东特,MA20-175,,29.00,101.50,,,,,,
1951549675588821006,MA系列不锈钢迷你气缸（亚德客型）,气动元件 > 气缸,东特,MA20-200,,31.00,108.50,,,,,,
1951549675588821007,MA系列不锈钢迷你气缸（亚德客型）,气动元件 > 气缸,东特,MA20-225,,33.00,115.50,,,,,,
1951549675588820999,MA系列不锈钢迷你气缸（亚德客型）,气动元件 > 气缸,东特,MA20-25,,17.50,61.25,,,,,,
1951549675588821008,MA系列不锈钢迷你气缸（亚德客型）,气动元件 > 气缸,东特,MA20-250,,35.00,122.50,,,,,,
1951549675593015298,MA系列不锈钢迷你气缸（亚德客型）,气动元件 > 气缸,东特,MA20-275,,37.00,129.50,,,,,,
1951549675593015299,MA系列不锈钢迷你气缸（亚德客型）,气动元件 > 气缸,东特,MA20-300,,40.00,140.00,,,,,,
1951549675588821000,MA系列不锈钢迷你气缸（亚德客型）,气动元件 > 气缸,东特,MA20-50,,19.00,66.50,,,,,,
1951549675588821001,MA系列不锈钢迷你气缸（亚德客型）,气动元件 > 气缸,东特,MA20-75,,20.00,70.00,,,,,,
1951554309623652356,MA系列不锈钢迷你气缸（亚德客型）,气动元件 > 气缸,东特,MA25-100,,25.00,87.50,,,,,,
1951554309623652357,MA系列不锈钢迷你气缸（亚德客型）,气动元件 > 气缸,东特,MA25-125,,27.00,94.50,,,,,,
1951554309623652358,MA系列不锈钢迷你气缸（亚德客型）,气动元件 > 气缸,东特,MA25-150,,28.50,99.75,,,,,,
1951554309623652359,MA系列不锈钢迷你气缸（亚德客型）,气动元件 > 气缸,东特,MA25-175,,30.00,105.00,,,,,,
1951554309623652360,MA系列不锈钢迷你气缸（亚德客型）,气动元件 > 气缸,东特,MA25-200,,32.00,112.00,,,,,,
1951554309623652361,MA系列不锈钢迷你气缸（亚德客型）,气动元件 > 气缸,东特,MA25-225,,34.00,119.00,,,,,,
1951554309623652353,MA系列不锈钢迷你气缸（亚德客型）,气动元件 > 气缸,东特,MA25-25,,20.50,71.75,,,,,,
1951554309623652362,MA系列不锈钢迷你气缸（亚德客型）,气动元件 > 气缸,东特,MA25-250,,36.00,126.00,,,,,,
1951554309623652363,MA系列不锈钢迷你气缸（亚德客型）,气动元件 > 气缸,东特,MA25-275,,39.00,136.50,,,,,,
1951554309627846657,MA系列不锈钢迷你气缸（亚德客型）,气动元件 > 气缸,东特,MA25-300,,41.00,143.50,,,,,,
1951554309623652354,MA系列不锈钢迷你气缸（亚德客型）,气动元件 > 气缸,东特,MA25-50,,22.00,77.00,,,,,,
1951554309623652355,MA系列不锈钢迷你气缸（亚德客型）,气动元件 > 气缸,东特,MA25-75,,23.50,82.25,,,,,,
1951554961288470533,MA系列不锈钢迷你气缸（亚德客型）,气动元件 > 气缸,东特,MA32-100,,32.00,112.00,,,,,,
1951554961582071809,MA系列不锈钢迷你气缸（亚德客型）,气动元件 > 气缸,东特,MA32-125,,33.50,117.25,,,,,,
1951554961582071810,MA系列不锈钢迷你气缸（亚德客型）,气动元件 > 气缸,东特,MA32-150,,35.00,122.50,,,,,,
1951554961582071811,MA系列不锈钢迷你气缸（亚德客型）,气动元件 > 气缸,东特,MA32-175,,37.50,131.25,,,,,,
1951554962483847169,MA系列不锈钢迷你气缸（亚德客型）,气动元件 > 气缸,东特,MA32-200-SU,,39.00,136.50,,,,,,
1951554963054272513,MA系列不锈钢迷你气缸（亚德客型）,气动元件 > 气缸,东特,MA32-225,,40.00,140.00,,,,,,
1951554961288470530,MA系列不锈钢迷你气缸（亚德客型）,气动元件 > 气缸,东特,MA32-25,,26.50,92.75,,,,,,
1951554963184295938,MA系列不锈钢迷你气缸（亚德客型）,气动元件 > 气缸,东特,MA32-250,,42.50,148.75,,,,,,
1951554963184295939,MA系列不锈钢迷你气缸（亚德客型）,气动元件 > 气缸,东特,MA32-275,,45.00,157.50,,,,,,
1951554963184295940,MA系列不锈钢迷你气缸（亚德客型）,气动元件 > 气缸,东特,MA32-300,,47.50,166.25,,,,,,
1951554961288470531,MA系列不锈钢迷你气缸（亚德客型）,气动元件 > 气缸,东特,MA32-50,,28.50,99.75,,,,,,
1951554961288470532,MA系列不锈钢迷你气缸（亚德客型）,气动元件 > 气缸,东特,MA32-75,,30.00,105.00,,,,,,
1951555714090541060,MA系列不锈钢迷你气缸（亚德客型）,气动元件 > 气缸,东特,MA40-100,,50.00,175.00,,,,,,
1951555714094735362,MA系列不锈钢迷你气缸（亚德客型）,气动元件 > 气缸,东特,MA40-125,,52.50,183.75,,,,,,
1951555714094735363,MA系列不锈钢迷你气缸（亚德客型）,气动元件 > 气缸,东特,MA40-150,,55.00,192.50,,,,,,
1951555714094735364,MA系列不锈钢迷你气缸（亚德客型）,气动元件 > 气缸,东特,MA40-175,,57.50,201.25,,,,,,
1951555714094735365,MA系列不锈钢迷你气缸（亚德客型）,气动元件 > 气缸,东特,MA40-200,,60.00,210.00,,,,,,
1951555714094735366,MA系列不锈钢迷你气缸（亚德客型）,气动元件 > 气缸,东特,MA40-225,,62.50,218.75,,,,,,
1951555714090541057,MA系列不锈钢迷你气缸（亚德客型）,气动元件 > 气缸,东特,MA40-25,,42.50,148.75,,,,,,
1951555714094735367,MA系列不锈钢迷你气缸（亚德客型）,气动元件 > 气缸,东特,MA40-250,,65.00,227.50,,,,,,
1951555714094735368,MA系列不锈钢迷你气缸（亚德客型）,气动元件 > 气缸,东特,MA40-275,,67.50,236.25,,,,,,
1951555714094735369,MA系列不锈钢迷你气缸（亚德客型）,气动元件 > 气缸,东特,MA40-300,,70.00,245.00,,,,,,
1951555714090541058,MA系列不锈钢迷你气缸（亚德客型）,气动元件 > 气缸,东特,MA40-50,,45.00,157.50,,,,,,
1951555714090541059,MA系列不锈钢迷你气缸（亚德客型）,气动元件 > 气缸,东特,MA40-75,,47.50,166.25,,,,,,
2082721852072951810,MGPM三轴气缸,气动元件 > 气缸,,MGPM20*20S,,,,,,,,,缺成本价+缺售价
2082721852072951809,MGPM三轴气缸,气动元件 > 气缸,,MGPM25*75,,,,,,,,,缺成本价+缺售价
1962411231373504514,SC气缸,气动元件 > 气缸,CHLED,SC50*50,个,29.28,61.00,,,,,,
1962411008316223491,SC气缸,气动元件 > 气缸,CHTD,SC40*100,个,27.84,58.00,,,,,,
1962410193430065153,SC气缸,气动元件 > 气缸,HJNN,SC40*25,个,23.52,49.00,,,,,,
1962420045334261765,SC气缸,气动元件 > 气缸,三川气动（SACU）,SC100*150,个,82.56,172.00,,,,,,
1962420045334261762,SC气缸,气动元件 > 气缸,三川气动（SACU）,SC100*25,个,65.28,136.00,,,,,,
1962420045334261763,SC气缸,气动元件 > 气缸,三川气动（SACU）,SC100*75,个,72.96,152.00,,,,,,
1962420045334261764,SC气缸,气动元件 > 气缸,三川气动（SACU）,SC125*50,个,122.40,255.00,,,,,,
1962429353501470721,SC气缸,气动元件 > 气缸,三川气动（SACU）,SC125*500,个,211.20,440.00,,,,,,
1962409671486681091,SC气缸,气动元件 > 气缸,三川气动（SACU）,SC32*100,个,24.00,50.00,,,,,,
1962409671486681092,SC气缸,气动元件 > 气缸,三川气动（SACU）,SC32*175,个,26.88,56.00,,,,,,
1962409671486681093,SC气缸,气动元件 > 气缸,三川气动（SACU）,SC32*200,个,27.84,58.00,,,,,,
1962409671486681094,SC气缸,气动元件 > 气缸,三川气动（SACU）,SC32*250,个,30.24,63.00,,,,,,
1962409671486681095,SC气缸,气动元件 > 气缸,三川气动（SACU）,SC32*300,个,32.64,68.00,,,,,,
1962409671486681090,SC气缸,气动元件 > 气缸,三川气动（SACU）,SC32*75,个,22.56,47.00,,,,,,
1962410792296984577,SC气缸,气动元件 > 气缸,三川气动（SACU）,SC40*100,个,27.84,58.00,,,,,,
1962410792296984578,SC气缸,气动元件 > 气缸,三川气动（SACU）,SC40*125,个,29.28,61.00,,,,,,
1962410792296984579,SC气缸,气动元件 > 气缸,三川气动（SACU）,SC40*150,个,30.72,64.00,,,,,,
1962410792296984580,SC气缸,气动元件 > 气缸,三川气动（SACU）,SC40*400,个,45.60,95.00,,,,,,
1962410792296984583,SC气缸,气动元件 > 气缸,三川气动（SACU）,SC50*100,个,32.64,68.00,,,,,,
1962410792296984581,SC气缸,气动元件 > 气缸,三川气动（SACU）,SC50*25,个,27.84,58.00,,,,,,
1962410792296984584,SC气缸,气动元件 > 气缸,三川气动（SACU）,SC50*300,个,46.56,97.00,,,,,,
1962410792301178881,SC气缸,气动元件 > 气缸,三川气动（SACU）,SC50*350,个,49.92,104.00,,,,,,
1962410792296984585,SC气缸,气动元件 > 气缸,三川气动（SACU）,SC50*400,个,53.28,111.00,,,,,,
1962410792296984587,SC气缸,气动元件 > 气缸,三川气动（SACU）,SC50*450,个,57.12,119.00,,,,,,
1962410792296984582,SC气缸,气动元件 > 气缸,三川气动（SACU）,SC50*50,个,29.28,61.00,,,,,,
1962410792296984586,SC气缸,气动元件 > 气缸,三川气动（SACU）,SC50*500,个,60.48,126.00,,,,,,
1962411456066564097,SC气缸,气动元件 > 气缸,三川气动（SACU）,SC63*25,个,34.08,71.00,,,,,,
1962411456070758403,SC气缸,气动元件 > 气缸,三川气动（SACU）,SC63*275,个,,,,,,,,缺成本价+缺售价
1962411456070758404,SC气缸,气动元件 > 气缸,三川气动（SACU）,SC63*400,个,66.24,138.00,,,,,,
1962411456070758402,SC气缸,气动元件 > 气缸,三川气动（SACU）,SC63*50,个,36.48,76.00,,,,,,
1946032091766558721,SC气缸,气动元件 > 气缸,东特,SC100*100,个,75.84,158.00,,,,,,
1946032091774947332,SC气缸,气动元件 > 气缸,东特,SC100*125,个,79.20,165.00,,,,,,
1946032091783335943,SC气缸,气动元件 > 气缸,东特,SC100*150,个,82.56,172.00,,,,,,
1946032091795918851,SC气缸,气动元件 > 气缸,东特,SC100*175,个,85.44,178.00,,,,,,
1946032091804307460,SC气缸,气动元件 > 气缸,东特,SC100*200,个,89.28,186.00,,,,,,
1962429650563051522,SC气缸,气动元件 > 气缸,东特,SC100*200-S,个,99.28,196.00,,,,,,
1945743292163461124,SC气缸,气动元件 > 气缸,东特,SC100*25,个,65.28,136.00,,,,,,
1946032091812696067,SC气缸,气动元件 > 气缸,东特,SC100*250,个,96.00,200.00,,,,,,
1946032091821084675,SC气缸,气动元件 > 气缸,东特,SC100*300,个,103.20,215.00,,,,,,
1946107206084694019,SC气缸,气动元件 > 气缸,东特,SC100*350,个,110.40,230.00,,,,,,
1946844532834340867,SC气缸,气动元件 > 气缸,东特,SC100*400,个,117.60,245.00,,,,,,
1946852640373641219,SC气缸,气动元件 > 气缸,东特,SC100*450,个,124.80,260.00,,,,,,
1945764357795254275,SC气缸,气动元件 > 气缸,东特,SC100*50,个,69.12,144.00,,,,,,
1947109776857010181,SC气缸,气动元件 > 气缸,东特,SC100*500,个,132.00,275.00,,,,,,
1947110742142521362,SC气缸,气动元件 > 气缸,东特,SC100*550,个,139.20,290.00,,,,,,
1947111901645279237,SC气缸,气动元件 > 气缸,东特,SC100*600,个,146.00,305.00,,,,,,
1947113172783632398,SC气缸,气动元件 > 气缸,东特,SC100*650,个,153.60,320.00,,,,,,
1947114482362781698,SC气缸,气动元件 > 气缸,东特,SC100*700,个,158.40,330.00,,,,,,
1946032091749781507,SC气缸,气动元件 > 气缸,东特,SC100*75,个,72.96,152.00,,,,,,
1947125828689104902,SC气缸,气动元件 > 气缸,东特,SC100*750,个,165.60,345.00,,,,,,
1946032091766558722,SC气缸,气动元件 > 气缸,东特,SC125*100,个,130.56,272.00,,,,,,
1946032091779141634,SC气缸,气动元件 > 气缸,东特,SC125*125,个,135.84,283.00,,,,,,
1946032091787530241,SC气缸,气动元件 > 气缸,东特,SC125*150,个,140.64,293.00,,,,,,
1946032091795918852,SC气缸,气动元件 > 气缸,东特,SC125*175,个,146.40,305.00,,,,,,
1946032091804307461,SC气缸,气动元件 > 气缸,东特,SC125*200,个,151.20,315.00,,,,,,
1945743292163461125,SC气缸,气动元件 > 气缸,东特,SC125*25,个,117.60,245.00,,,,,,
1946032091812696068,SC气缸,气动元件 > 气缸,东特,SC125*250,个,160.80,335.00,,,,,,
1946032091821084676,SC气缸,气动元件 > 气缸,东特,SC125*300,个,170.40,355.00,,,,,,
1946107206084694020,SC气缸,气动元件 > 气缸,东特,SC125*350,个,180.00,375.00,,,,,,
1946844532834340868,SC气缸,气动元件 > 气缸,东特,SC125*400,个,189.60,395.00,,,,,,
1946853420237361157,SC气缸,气动元件 > 气缸,东特,SC125*450,个,201.60,420.00,,,,,,
1945764357799448578,SC气缸,气动元件 > 气缸,东特,SC125*50,个,122.40,255.00,,,,,,
1947109776857010182,SC气缸,气动元件 > 气缸,东特,SC125*500,个,211.20,440.00,,,,,,
1947110742146715650,SC气缸,气动元件 > 气缸,东特,SC125*550,个,220.80,460.00,,,,,,
1947111901645279238,SC气缸,气动元件 > 气缸,东特,SC125*600,个,230.40,480.00,,,,,,
1947113172783632399,SC气缸,气动元件 > 气缸,东特,SC125*650,个,240.00,500.00,,,,,,
1947114482362781699,SC气缸,气动元件 > 气缸,东特,SC125*700,个,249.60,520.00,,,,,,
1946032091753975810,SC气缸,气动元件 > 气缸,东特,SC125*75,个,126.24,263.00,,,,,,
1947125828689104903,SC气缸,气动元件 > 气缸,东特,SC125*750,个,259.20,540.00,,,,,,
1946032091766558723,SC气缸,气动元件 > 气缸,东特,SC160*100,个,283.20,590.00,,,,,,
1946032091779141635,SC气缸,气动元件 > 气缸,东特,SC160*125,个,295.20,615.00,,,,,,
1946032091787530242,SC气缸,气动元件 > 气缸,东特,SC160*150,个,302.40,630.00,,,,,,
1946032091795918853,SC气缸,气动元件 > 气缸,东特,SC160*175,个,312.00,650.00,,,,,,
1946032091804307462,SC气缸,气动元件 > 气缸,东特,SC160*200,个,324.00,675.00,,,,,,
1945743292163461126,SC气缸,气动元件 > 气缸,东特,SC160*25,个,259.20,540.00,,,,,,
1946032091812696069,SC气缸,气动元件 > 气缸,东特,SC160*250,个,343.20,715.00,,,,,,
1946032091821084677,SC气缸,气动元件 > 气缸,东特,SC160*300,个,360.00,750.00,,,,,,
1946107206084694021,SC气缸,气动元件 > 气缸,东特,SC160*350,个,384.00,800.00,,,,,,
1946847337032749057,SC气缸,气动元件 > 气缸,东特,SC160*400,个,403.20,840.00,,,,,,
1946853420237361158,SC气缸,气动元件 > 气缸,东特,SC160*450,个,422.40,880.00,,,,,,
1945764357799448579,SC气缸,气动元件 > 气缸,东特,SC160*50,个,267.36,557.00,,,,,,
1947109776857010183,SC气缸,气动元件 > 气缸,东特,SC160*500,个,439.20,915.00,,,,,,
1947110742146715651,SC气缸,气动元件 > 气缸,东特,SC160*550,个,456.00,950.00,,,,,,
1947111901645279239,SC气缸,气动元件 > 气缸,东特,SC160*600,个,470.40,980.00,,,,,,
1947113172783632400,SC气缸,气动元件 > 气缸,东特,SC160*650,个,494.40,1030.00,,,,,,
1947114482362781700,SC气缸,气动元件 > 气缸,东特,SC160*700,个,513.60,1070.00,,,,,,
1946032091753975811,SC气缸,气动元件 > 气缸,东特,SC160*75,个,275.52,574.00,,,,,,
1947125828689104904,SC气缸,气动元件 > 气缸,东特,SC160*750,个,537.60,1120.00,,,,,,
1946032091766558724,SC气缸,气动元件 > 气缸,东特,SC200*100,个,470.40,980.00,,,,,,
1946032091779141636,SC气缸,气动元件 > 气缸,东特,SC200*125,个,480.00,1000.00,,,,,,
1946032091787530243,SC气缸,气动元件 > 气缸,东特,SC200*150,个,494.40,1030.00,,,,,,
1946032091795918854,SC气缸,气动元件 > 气缸,东特,SC200*175,个,508.80,1060.00,,,,,,
1946032091804307463,SC气缸,气动元件 > 气缸,东特,SC200*200,个,523.20,1090.00,,,,,,
1945743292167655425,SC气缸,气动元件 > 气缸,东特,SC200*25,个,432.00,900.00,,,,,,
1946032091812696070,SC气缸,气动元件 > 气缸,东特,SC200*250,个,547.20,1140.00,,,,,,
1946032091821084678,SC气缸,气动元件 > 气缸,东特,SC200*300,个,576.00,1200.00,,,,,,
1946839564513480706,SC气缸,气动元件 > 气缸,东特,SC200*350,个,604.80,1260.00,,,,,,
1946847337036943362,SC气缸,气动元件 > 气缸,东特,SC200*400,个,638.40,1330.00,,,,,,
1946853748479397894,SC气缸,气动元件 > 气缸,东特,SC200*450,个,672.00,1400.00,,,,,,
1945764357799448580,SC气缸,气动元件 > 气缸,东特,SC200*50,个,441.60,920.00,,,,,,
1947109776865398786,SC气缸,气动元件 > 气缸,东特,SC200*500,个,705.60,1470.00,,,,,,
1947111084104126482,SC气缸,气动元件 > 气缸,东特,SC200*550,个,739.20,1540.00,,,,,,
1947111901645279240,SC气缸,气动元件 > 气缸,东特,SC200*600,个,768.00,1600.00,,,,,,
1947113172783632401,SC气缸,气动元件 > 气缸,东特,SC200*650,个,801.60,1670.00,,,,,,
1947114798181290010,SC气缸,气动元件 > 气缸,东特,SC200*700,个,830.40,1730.00,,,,,,
1946032091753975812,SC气缸,气动元件 > 气缸,东特,SC200*75,个,456.00,950.00,,,,,,
1947125828689104905,SC气缸,气动元件 > 气缸,东特,SC200*750,个,864.00,1800.00,,,,,,
1946032091766558725,SC气缸,气动元件 > 气缸,东特,SC250*100,个,816.00,1700.00,,,,,,
1946032091779141637,SC气缸,气动元件 > 气缸,东特,SC250*125,个,840.00,1750.00,,,,,,
1946032091787530244,SC气缸,气动元件 > 气缸,东特,SC250*150,个,864.00,1800.00,,,,,,
1946032091800113154,SC气缸,气动元件 > 气缸,东特,SC250*175,个,888.00,1850.00,,,,,,
1946032091808501762,SC气缸,气动元件 > 气缸,东特,SC250*200,个,912.00,1900.00,,,,,,
1945743292167655426,SC气缸,气动元件 > 气缸,东特,SC250*25,个,744.00,1550.00,,,,,,
1946032091816890369,SC气缸,气动元件 > 气缸,东特,SC250*250,个,960.00,2000.00,,,,,,
1946032091821084679,SC气缸,气动元件 > 气缸,东特,SC250*300,个,1008.00,2100.00,,,,,,
1946839564513480707,SC气缸,气动元件 > 气缸,东特,SC250*350,个,1056.00,2200.00,,,,,,
1946847337036943363,SC气缸,气动元件 > 气缸,东特,SC250*400,个,1104.00,2300.00,,,,,,
1946853748479397895,SC气缸,气动元件 > 气缸,东特,SC250*450,个,1152.00,2400.00,,,,,,
1945764357799448581,SC气缸,气动元件 > 气缸,东特,SC250*50,个,768.00,1600.00,,,,,,
1947109776865398787,SC气缸,气动元件 > 气缸,东特,SC250*500,个,1200.00,2500.00,,,,,,
1947111084104126483,SC气缸,气动元件 > 气缸,东特,SC250*550,个,1248.00,2600.00,,,,,,
1947112134030692385,SC气缸,气动元件 > 气缸,东特,SC250*600,个,1296.00,2700.00,,,,,,
1947113560668672025,SC气缸,气动元件 > 气缸,东特,SC250*650,个,1344.00,2800.00,,,,,,
1947114798181290011,SC气缸,气动元件 > 气缸,东特,SC250*700,个,1392.00,2900.00,,,,,,
1946032091758170114,SC气缸,气动元件 > 气缸,东特,SC250*75,个,792.00,1650.00,,,,,,
1947125828689104906,SC气缸,气动元件 > 气缸,东特,SC250*750,个,1440.00,3000.00,,,,,,
1946032091758170117,SC气缸,气动元件 > 气缸,东特,SC32*100,个,24.00,50.00,,,,,,
1946032091770753027,SC气缸,气动元件 > 气缸,东特,SC32*125,个,24.96,52.00,,,,,,
1946032091783335938,SC气缸,气动元件 > 气缸,东特,SC32*150,个,25.92,54.00,,,,,,
1946032091791724548,SC气缸,气动元件 > 气缸,东特,SC32*175,个,26.88,56.00,,,,,,
1946032091800113157,SC气缸,气动元件 > 气缸,东特,SC32*200,个,27.84,58.00,,,,,,
1945743292159266818,SC气缸,气动元件 > 气缸,东特,SC32*25,个,20.16,42.00,,,,,,
1946032091808501765,SC气缸,气动元件 > 气缸,东特,SC32*250,个,30.24,63.00,,,,,,
1946032091816890372,SC气缸,气动元件 > 气缸,东特,SC32*300,个,32.64,68.00,,,,,,
1946032091825278979,SC气缸,气动元件 > 气缸,东特,SC32*350,个,35.04,73.00,,,,,,
1946839564513480710,SC气缸,气动元件 > 气缸,东特,SC32*400,个,37.44,78.00,,,,,,
1946849002511175681,SC气缸,气动元件 > 气缸,东特,SC32*450,个,40.80,85.00,,,,,,
1945743292167655427,SC气缸,气动元件 > 气缸,东特,SC32*50,个,21.12,44.00,,,,,,
1946854356737363979,SC气缸,气动元件 > 气缸,东特,SC32*500,个,44.16,92.00,,,,,,
1947110742142521357,SC气缸,气动元件 > 气缸,东特,SC32*550,个,46.08,96.00,,,,,,
1947111607574237199,SC气缸,气动元件 > 气缸,东特,SC32*600,个,48.00,100.00,,,,,,
1947112475073744925,SC气缸,气动元件 > 气缸,东特,SC32*650,个,50.88,106.00,,,,,,
1947113972922617860,SC气缸,气动元件 > 气缸,东特,SC32*700,个,53.76,112.00,,,,,,
1945764357799448584,SC气缸,气动元件 > 气缸,东特,SC32*75,个,22.56,47.00,,,,,,
1947125828684910594,SC气缸,气动元件 > 气缸,东特,SC32*750,个,56.64,118.00,,,,,,
1946032091770753025,SC气缸,气动元件 > 气缸,东特,SC320*100,个,1968.00,4100.00,,,,,,
1946032091779141638,SC气缸,气动元件 > 气缸,东特,SC320*125,个,2016.00,4200.00,,,,,,
1946032091791724546,SC气缸,气动元件 > 气缸,东特,SC320*150,个,2064.00,4300.00,,,,,,
1946032091800113155,SC气缸,气动元件 > 气缸,东特,SC320*175,个,2112.00,4400.00,,,,,,
1946032091808501763,SC气缸,气动元件 > 气缸,东特,SC320*200,个,2160.00,4500.00,,,,,,
1946032091816890370,SC气缸,气动元件 > 气缸,东特,SC320*250,个,2256.00,4700.00,,,,,,
1946032091825278977,SC气缸,气动元件 > 气缸,东特,SC320*300,个,2352.00,4900.00,,,,,,
1946839564513480708,SC气缸,气动元件 > 气缸,东特,SC320*350,个,2448.00,5100.00,,,,,,
1946847337036943364,SC气缸,气动元件 > 气缸,东特,SC320*400,个,2544.00,5300.00,,,,,,
1946853748479397896,SC气缸,气动元件 > 气缸,东特,SC320*450,个,2640.00,5500.00,,,,,,
1945764357799448582,SC气缸,气动元件 > 气缸,东特,SC320*50,个,1872.00,3900.00,,,,,,
1947110086295982091,SC气缸,气动元件 > 气缸,东特,SC320*500,个,2736.00,5700.00,,,,,,
1947111084104126484,SC气缸,气动元件 > 气缸,东特,SC320*550,个,2832.00,5900.00,,,,,,
1947112134030692386,SC气缸,气动元件 > 气缸,东特,SC320*600,个,2928.00,6100.00,,,,,,
1947113560668672026,SC气缸,气动元件 > 气缸,东特,SC320*650,个,3024.00,6300.00,,,,,,
1947114798181290012,SC气缸,气动元件 > 气缸,东特,SC320*700,个,3120.00,6500.00,,,,,,
1946032091758170115,SC气缸,气动元件 > 气缸,东特,SC320*75,个,1920.00,4000.00,,,,,,
1947125828689104907,SC气缸,气动元件 > 气缸,东特,SC320*750,个,3216.00,6700.00,,,,,,
1946032091762364418,SC气缸,气动元件 > 气缸,东特,SC40*100,个,27.84,58.00,,,,,,
1946032091770753028,SC气缸,气动元件 > 气缸,东特,SC40*125,个,29.28,61.00,,,,,,
1946032091783335939,SC气缸,气动元件 > 气缸,东特,SC40*150,个,30.72,64.00,,,,,,
1946032091791724549,SC气缸,气动元件 > 气缸,东特,SC40*175,个,32.16,67.00,,,,,,
1946032091800113158,SC气缸,气动元件 > 气缸,东特,SC40*200,个,33.60,70.00,,,,,,
1945743292159266819,SC气缸,气动元件 > 气缸,东特,SC40*25,个,23.52,49.00,,,,,,
1946032091808501766,SC气缸,气动元件 > 气缸,东特,SC40*250,个,36.48,76.00,,,,,,
1946032091816890373,SC气缸,气动元件 > 气缸,东特,SC40*300,个,39.36,82.00,,,,,,
1946032091825278980,SC气缸,气动元件 > 气缸,东特,SC40*350,个,42.72,89.00,,,,,,
1946839564513480711,SC气缸,气动元件 > 气缸,东特,SC40*400,个,45.60,95.00,,,,,,
1946851489314017281,SC气缸,气动元件 > 气缸,东特,SC40*450,个,48.00,100.00,,,,,,
1945743292167655428,SC气缸,气动元件 > 气缸,东特,SC40*50,个,25.44,53.00,,,,,,
1947109776857010177,SC气缸,气动元件 > 气缸,东特,SC40*500,个,50.88,106.00,,,,,,
1947110742142521358,SC气缸,气动元件 > 气缸,东特,SC40*550,个,53.76,112.00,,,,,,
1947111607574237200,SC气缸,气动元件 > 气缸,东特,SC40*600,个,57.60,120.00,,,,,,
1947113172783632394,SC气缸,气动元件 > 气缸,东特,SC40*650,个,60.00,125.00,,,,,,
1947114482358587410,SC气缸,气动元件 > 气缸,东特,SC40*700,个,63.36,132.00,,,,,,
1945764357799448585,SC气缸,气动元件 > 气缸,东特,SC40*75,个,26.40,55.00,,,,,,
1947125828689104898,SC气缸,气动元件 > 气缸,东特,SC40*750,个,67.20,140.00,,,,,,
1946032091770753026,SC气缸,气动元件 > 气缸,东特,SC400*100,个,3096.00,6450.00,,,,,,
1946032091779141639,SC气缸,气动元件 > 气缸,东特,SC400*125,个,3153.60,6570.00,,,,,,
1946032091791724547,SC气缸,气动元件 > 气缸,东特,SC400*150,个,3211.20,6690.00,,,,,,
1946032091800113156,SC气缸,气动元件 > 气缸,东特,SC400*175,个,3268.80,6810.00,,,,,,
1946032091808501764,SC气缸,气动元件 > 气缸,东特,SC400*200,个,3326.40,6930.00,,,,,,
1946032091816890371,SC气缸,气动元件 > 气缸,东特,SC400*250,个,3441.60,7170.00,,,,,,
1946032091825278978,SC气缸,气动元件 > 气缸,东特,SC400*300,个,3556.80,7410.00,,,,,,
1946839564513480709,SC气缸,气动元件 > 气缸,东特,SC400*350,个,3672.00,7650.00,,,,,,
1946847337036943365,SC气缸,气动元件 > 气缸,东特,SC400*400,个,3787.20,7890.00,,,,,,
1946853748479397897,SC气缸,气动元件 > 气缸,东特,SC400*450,个,3902.40,8130.00,,,,,,
1945764357799448583,SC气缸,气动元件 > 气缸,东特,SC400*50,个,2985.60,6220.00,,,,,,
1947110086295982092,SC气缸,气动元件 > 气缸,东特,SC400*500,个,4017.60,8370.00,,,,,,
1947111084104126485,SC气缸,气动元件 > 气缸,东特,SC400*550,个,4132.80,8610.00,,,,,,
1947112134030692387,SC气缸,气动元件 > 气缸,东特,SC400*600,个,4248.00,8850.00,,,,,,
1947113560668672027,SC气缸,气动元件 > 气缸,东特,SC400*650,个,4363.20,9090.00,,,,,,
1947114798181290013,SC气缸,气动元件 > 气缸,东特,SC400*700,个,4478.40,9330.00,,,,,,
1946032091758170116,SC气缸,气动元件 > 气缸,东特,SC400*75,个,3038.40,6330.00,,,,,,
1947125828689104908,SC气缸,气动元件 > 气缸,东特,SC400*750,个,4593.60,9570.00,,,,,,
1946032091762364419,SC气缸,气动元件 > 气缸,东特,SC50*100,个,32.64,68.00,,,,,,
1946032091770753029,SC气缸,气动元件 > 气缸,东特,SC50*125,个,34.56,72.00,,,,,,
1946032091783335940,SC气缸,气动元件 > 气缸,东特,SC50*150,个,36.00,75.00,,,,,,
1946032091791724550,SC气缸,气动元件 > 气缸,东特,SC50*175,个,37.92,79.00,,,,,,
1946032091800113159,SC气缸,气动元件 > 气缸,东特,SC50*200,个,40.32,84.00,,,,,,
1945743292163461121,SC气缸,气动元件 > 气缸,东特,SC50*25,个,27.84,58.00,,,,,,
1946032091808501767,SC气缸,气动元件 > 气缸,东特,SC50*250,个,43.20,90.00,,,,,,
1946032091816890374,SC气缸,气动元件 > 气缸,东特,SC50*300,个,46.56,97.00,,,,,,
1946032091825278981,SC气缸,气动元件 > 气缸,东特,SC50*350,个,49.92,104.00,,,,,,
1946839839034871810,SC气缸,气动元件 > 气缸,东特,SC50*400,个,53.28,111.00,,,,,,
1946851489314017282,SC气缸,气动元件 > 气缸,东特,SC50*450,个,57.12,119.00,,,,,,
1945743292167655429,SC气缸,气动元件 > 气缸,东特,SC50*50,个,29.28,61.00,,,,,,
1947109776857010178,SC气缸,气动元件 > 气缸,东特,SC50*500,个,60.48,126.00,,,,,,
1947110742142521359,SC气缸,气动元件 > 气缸,东特,SC50*550,个,63.84,133.00,,,,,,
1947111607574237201,SC气缸,气动元件 > 气缸,东特,SC50*600,个,67.68,141.00,,,,,,
1947113172783632395,SC气缸,气动元件 > 气缸,东特,SC50*650,个,71.04,148.00,,,,,,
1947114482358587411,SC气缸,气动元件 > 气缸,东特,SC50*700,个,74.88,156.00,,,,,,
1945764357799448586,SC气缸,气动元件 > 气缸,东特,SC50*75,个,31.20,65.00,,,,,,
1947125828689104899,SC气缸,气动元件 > 气缸,东特,SC50*750,个,78.24,163.00,,,,,,
1946032091762364420,SC气缸,气动元件 > 气缸,东特,SC63*100,个,40.80,85.00,,,,,,
1946032091774947330,SC气缸,气动元件 > 气缸,东特,SC63*125,个,42.72,89.00,,,,,,
1946032091783335941,SC气缸,气动元件 > 气缸,东特,SC63*150,个,44.64,93.00,,,,,,
1946032091795918849,SC气缸,气动元件 > 气缸,东特,SC63*175,个,47.04,98.00,,,,,,
1946032091804307458,SC气缸,气动元件 > 气缸,东特,SC63*200,个,48.96,102.00,,,,,,
1945743292163461122,SC气缸,气动元件 > 气缸,东特,SC63*25,个,34.08,71.00,,,,,,
1946032091812696065,SC气缸,气动元件 > 气缸,东特,SC63*250,个,52.80,110.00,,,,,,
1946032091821084673,SC气缸,气动元件 > 气缸,东特,SC63*300,个,57.60,120.00,,,,,,
1946032091825278982,SC气缸,气动元件 > 气缸,东特,SC63*350,个,62.40,130.00,,,,,,
1946839839034871811,SC气缸,气动元件 > 气缸,东特,SC63*400,个,66.24,138.00,,,,,,
1946852640373641217,SC气缸,气动元件 > 气缸,东特,SC63*450,个,70.56,147.00,,,,,,
1945743292167655430,SC气缸,气动元件 > 气缸,东特,SC63*50,个,36.48,76.00,,,,,,
1947109776857010179,SC气缸,气动元件 > 气缸,东特,SC63*500,个,74.40,155.00,,,,,,
1947110742142521360,SC气缸,气动元件 > 气缸,东特,SC63*550,个,78.24,163.00,,,,,,
1947111607574237202,SC气缸,气动元件 > 气缸,东特,SC63*600,个,83.04,173.00,,,,,,
1947113172783632396,SC气缸,气动元件 > 气缸,东特,SC63*650,个,88.80,185.00,,,,,,
1947114482358587412,SC气缸,气动元件 > 气缸,东特,SC63*700,个,93.60,195.00,,,,,,
1945764357799448587,SC气缸,气动元件 > 气缸,东特,SC63*75,个,38.40,80.00,,,,,,
1947125828689104900,SC气缸,气动元件 > 气缸,东特,SC63*750,个,98.40,205.00,,,,,,
1946032091762364421,SC气缸,气动元件 > 气缸,东特,SC80*100,个,60.00,125.00,,,,,,
1946032091774947331,SC气缸,气动元件 > 气缸,东特,SC80*125,个,63.36,132.00,,,,,,
1946032091783335942,SC气缸,气动元件 > 气缸,东特,SC80*150,个,66.24,138.00,,,,,,
1946032091795918850,SC气缸,气动元件 > 气缸,东特,SC80*175,个,69.60,145.00,,,,,,
1946032091804307459,SC气缸,气动元件 > 气缸,东特,SC80*200,个,72.00,150.00,,,,,,
1945743292163461123,SC气缸,气动元件 > 气缸,东特,SC80*25,个,50.88,106.00,,,,,,
1946032091812696066,SC气缸,气动元件 > 气缸,东特,SC80*250,个,77.76,162.00,,,,,,
1946032091821084674,SC气缸,气动元件 > 气缸,东特,SC80*300,个,84.00,175.00,,,,,,
1946107206084694018,SC气缸,气动元件 > 气缸,东特,SC80*350,个,90.24,188.00,,,,,,
1946844532834340866,SC气缸,气动元件 > 气缸,东特,SC80*400,个,96.00,200.00,,,,,,
1946852640373641218,SC气缸,气动元件 > 气缸,东特,SC80*450,个,101.76,212.00,,,,,,
1945764357795254274,SC气缸,气动元件 > 气缸,东特,SC80*50,个,54.24,113.00,,,,,,
1947109776857010180,SC气缸,气动元件 > 气缸,东特,SC80*500,个,108.00,225.00,,,,,,
1947110742142521361,SC气缸,气动元件 > 气缸,东特,SC80*550,个,114.24,238.00,,,,,,
1947111607574237203,SC气缸,气动元件 > 气缸,东特,SC80*600,个,120.00,250.00,,,,,,
1947113172783632397,SC气缸,气动元件 > 气缸,东特,SC80*650,个,128.64,268.00,,,,,,
1947114482358587413,SC气缸,气动元件 > 气缸,东特,SC80*700,个,134.40,280.00,,,,,,
1946032091749781506,SC气缸,气动元件 > 气缸,东特,SC80*75,个,56.64,118.00,,,,,,
1947125828689104901,SC气缸,气动元件 > 气缸,东特,SC80*750,个,140.16,292.00,,,,,,
1962421232372625409,SC气缸,气动元件 > 气缸,亚德客(AirTac),SC100*150-S,个,92.56,182.00,,,,,,
1962412263465889794,SC气缸,气动元件 > 气缸,亚德客(AirTac),SC63*100,个,40.80,85.00,,,,,,
1962411700594487298,SC气缸,气动元件 > 气缸,亚邦（YABANG）,SC63*45,个,36.48,76.00,,,,,,
1962421158464794625,SC气缸,气动元件 > 气缸,卓良(zholo),SC100*125,个,79.20,165.00,,,,,,
1962412150559420417,SC气缸,气动元件 > 气缸,威特,SC63*75,个,38.40,80.00,,,,,,
1962411154785513473,SC气缸,气动元件 > 气缸,宝诚（CNB&C）,SC40*250-S,个,46.48,86.00,,,,,,
1962412344483065858,SC气缸,气动元件 > 气缸,宝诚（CNB&C）,SC63*150,个,44.64,93.00,,,,,,
1962421008463900675,SC气缸,气动元件 > 气缸,盛达(SDPC),SC100*125,个,79.20,165.00,,,,,,
1962421008463900676,SC气缸,气动元件 > 气缸,盛达(SDPC),SC100*150,个,82.56,172.00,,,,,,
1962421008463900674,SC气缸,气动元件 > 气缸,盛达(SDPC),SC100*150-S,个,92.56,182.00,,,,,,
1962421008463900677,SC气缸,气动元件 > 气缸,盛达(SDPC),SC100*175,个,85.44,178.00,,,,,,
1962421008459706369,SC气缸,气动元件 > 气缸,盛达(SDPC),SC100*25,个,65.28,136.00,,,,,,
1962421008463900673,SC气缸,气动元件 > 气缸,盛达(SDPC),SC100*50,个,69.12,144.00,,,,,,
1962429209662009345,SC气缸,气动元件 > 气缸,盛达(SDPC),SC125*500,个,211.20,440.00,,,,,,
1962408389212450818,SC气缸,气动元件 > 气缸,盛达(SDPC),SC32*100,个,24.00,50.00,,,,,,
1962408389212450819,SC气缸,气动元件 > 气缸,盛达(SDPC),SC32*125,个,24.96,52.00,,,,,,
1962408643559239681,SC气缸,气动元件 > 气缸,盛达(SDPC),SC32*175,个,26.88,56.00,,,,,,
1962408643559239682,SC气缸,气动元件 > 气缸,盛达(SDPC),SC32*300,个,32.64,68.00,,,,,,
1962408389212450817,SC气缸,气动元件 > 气缸,盛达(SDPC),SC32*75,个,22.56,47.00,,,,,,
1962410505905713155,SC气缸,气动元件 > 气缸,盛达(SDPC),SC40*100-S,个,37.84,68.00,,,,,,
1962410505905713156,SC气缸,气动元件 > 气缸,盛达(SDPC),SC40*200,个,33.60,70.00,,,,,,
1962410505905713154,SC气缸,气动元件 > 气缸,盛达(SDPC),SC40*25,个,23.52,49.00,,,,,,
1962410505905713158,SC气缸,气动元件 > 气缸,盛达(SDPC),SC50*100,个,32.64,68.00,,,,,,
1962410505905713157,SC气缸,气动元件 > 气缸,盛达(SDPC),SC50*25-S,个,53.20,100.00,,,,,,
1962410505905713159,SC气缸,气动元件 > 气缸,盛达(SDPC),SC50*400,个,53.28,111.00,,,,,,
1962412042174410754,SC气缸,气动元件 > 气缸,盛达(SDPC),SC63*100,个,40.80,85.00,,,,,,
1962412042174410755,SC气缸,气动元件 > 气缸,盛达(SDPC),SC63*150,个,44.64,93.00,,,,,,
1962412042174410756,SC气缸,气动元件 > 气缸,盛达(SDPC),SC63*250,个,52.80,110.00,,,,,,
1962412042174410757,SC气缸,气动元件 > 气缸,盛达(SDPC),SC63*350,个,62.40,130.00,,,,,,
1962412042174410753,SC气缸,气动元件 > 气缸,盛达(SDPC),SC63*50,个,36.48,76.00,,,,,,
1962421008463900679,SC气缸,气动元件 > 气缸,盛达(SDPC),SC80*100,个,60.00,125.00,,,,,,
1962421008463900682,SC气缸,气动元件 > 气缸,盛达(SDPC),SC80*175,个,69.60,145.00,,,,,,
1962421008463900681,SC气缸,气动元件 > 气缸,盛达(SDPC),SC80*25,个,50.88,106.00,,,,,,
1962421008463900680,SC气缸,气动元件 > 气缸,盛达(SDPC),SC80*50,个,54.24,113.00,,,,,,
1962421008463900678,SC气缸,气动元件 > 气缸,盛达(SDPC),SC80*75,个,56.64,118.00,,,,,,
1962414212114362372,SC气缸（其他）,气动元件 > 气缸,,SC100*150,个,82.56,172.00,,,,,,
1962414212114362373,SC气缸（其他）,气动元件 > 气缸,,SC100*200,个,89.28,186.00,,,,,,
1962414212114362374,SC气缸（其他）,气动元件 > 气缸,,SC100*250,个,96.00,200.00,,,,,,
1962414212110168069,SC气缸（其他）,气动元件 > 气缸,,SC100*350,个,110.40,230.00,,,,,,
1962414212110168067,SC气缸（其他）,气动元件 > 气缸,,SC100*400,个,117.60,245.00,,,,,,
1962414212114362371,SC气缸（其他）,气动元件 > 气缸,,SC125*400,个,189.60,395.00,,,,,,
1962414212110168065,SC气缸（其他）,气动元件 > 气缸,,SC63*450,个,70.56,147.00,,,,,,
1962414212110168066,SC气缸（其他）,气动元件 > 气缸,,SC63*600,个,83.04,173.00,,,,,,
1962414212110168068,SC气缸（其他）,气动元件 > 气缸,,SC80*350,个,90.24,188.00,,,,,,
1962414212110168070,SC气缸（其他）,气动元件 > 气缸,,SC80*400,个,96.00,200.00,,,,,,
1962414212110168071,SC气缸（其他）,气动元件 > 气缸,,SC80*450,个,101.76,212.00,,,,,,
1962414212110168072,SC气缸（其他）,气动元件 > 气缸,,SC80*500,个,108.00,225.00,,,,,,
1962414212114362370,SC气缸（其他）,气动元件 > 气缸,,SC80*550,个,114.24,238.00,,,,,,
1961343887729537027,SDA薄型气缸,气动元件 > 气缸,,SDA20*15,个,10.56,22.00,,,,,,
1961343887729537026,SDA薄型气缸,气动元件 > 气缸,,SDA32*40,个,16.80,35.00,,,,,,
1961327469059420161,SDA薄型气缸,气动元件 > 气缸,CHTD,SDA40*10,个,16.32,34.00,,,,,,
1961327469063614472,SDA薄型气缸,气动元件 > 气缸,CHTD,SDA40*15,个,17.28,36.00,,,,,,
1961327469063614466,SDA薄型气缸,气动元件 > 气缸,CHTD,SDA40*20,个,18.24,38.00,,,,,,
1961326478104768514,SDA薄型气缸,气动元件 > 气缸,CHTD,SDA40*30,个,19.68,41.00,,,,,,
1961327469063614468,SDA薄型气缸,气动元件 > 气缸,CHTD,SDA40*35,个,20.16,42.00,,,,,,
1961327469063614469,SDA薄型气缸,气动元件 > 气缸,CHTD,SDA50*10,个,21.60,45.00,,,,,,
1961327469063614470,SDA薄型气缸,气动元件 > 气缸,CHTD,SDA50*25,个,24.48,51.00,,,,,,
1961327469063614471,SDA薄型气缸,气动元件 > 气缸,CHTD,SDA50*45,个,28.32,59.00,,,,,,
1961343322626764802,SDA薄型气缸,气动元件 > 气缸,JG,SDA25*25,个,12.48,26.00,,,,,,
1961343322626764803,SDA薄型气缸,气动元件 > 气缸,JG,SDA50*25,个,24.48,51.00,,,,,,
1961774422662656001,SDA薄型气缸,气动元件 > 气缸,JG,SDA63*45,个,37.92,79.00,,,,,,
1961774422658461697,SDA薄型气缸,气动元件 > 气缸,JG,SDA63*80,个,47.04,98.00,,,,,,
1961774422662656002,SDA薄型气缸,气动元件 > 气缸,JG,SDA80*30,个,54.72,114.00,,,,,,
1961327530635997186,SDA薄型气缸,气动元件 > 气缸,JLC,SDA40*10,个,16.32,34.00,,,,,,
1961326369023504385,SDA薄型气缸,气动元件 > 气缸,JLC,SDA40*15,个,17.28,36.00,,,,,,
1961327530635997187,SDA薄型气缸,气动元件 > 气缸,JLC,SDA40*20,个,18.24,38.00,,,,,,
1961327530635997188,SDA薄型气缸,气动元件 > 气缸,JLC,SDA40*30,个,19.68,41.00,,,,,,
1961327530635997189,SDA薄型气缸,气动元件 > 气缸,JLC,SDA40*35,个,20.16,42.00,,,,,,
1961327530635997190,SDA薄型气缸,气动元件 > 气缸,JLC,SDA50*10,个,21.60,45.00,,,,,,
1961327530635997191,SDA薄型气缸,气动元件 > 气缸,JLC,SDA50*25（JG）,个,24.48,51.00,,,,,,
1961328456251781122,SDA薄型气缸,气动元件 > 气缸,JLC,SDA50*35,个,26.40,55.00,,,,,,
1961327530635997192,SDA薄型气缸,气动元件 > 气缸,JLC,SDA50*45,个,28.32,59.00,,,,,,
1961343180112703492,SDA薄型气缸,气动元件 > 气缸,JYC,SDA20*30,个,11.52,24.00,,,,,,
1961343180112703493,SDA薄型气缸,气动元件 > 气缸,JYC,SDA20*50,个,13.92,29.00,,,,,,
1961343180112703490,SDA薄型气缸,气动元件 > 气缸,JYC,SDA32*25,个,14.88,31.00,,,,,,
1961343180112703491,SDA薄型气缸,气动元件 > 气缸,JYC,SDA32*50,个,17.76,37.00,,,,,,
1961343501878734849,SDA薄型气缸,气动元件 > 气缸,SNRCE,SDA32*30,个,15.36,32.00,,,,,,
1961776169464442882,SDA薄型气缸,气动元件 > 气缸,三川气动（SACU）,SDA100*50,个,95.04,198.00,,,,,,
1961340176571609090,SDA薄型气缸,气动元件 > 气缸,三川气动（SACU）,SDA16*30,个,12.96,29.00,,,,,,
1961340176567414791,SDA薄型气缸,气动元件 > 气缸,三川气动（SACU）,SDA20*15,个,10.56,22.00,,,,,,
1961340176567414792,SDA薄型气缸,气动元件 > 气缸,三川气动（SACU）,SDA20*25,个,11.52,24.00,,,,,,
1961340176567414793,SDA薄型气缸,气动元件 > 气缸,三川气动（SACU）,SDA20*30,个,11.52,24.00,,,,,,
1961340176571609089,SDA薄型气缸,气动元件 > 气缸,三川气动（SACU）,SDA20*50,个,13.92,29.00,,,,,,
1961340176571609091,SDA薄型气缸,气动元件 > 气缸,三川气动（SACU）,SDA25*10,个,11.04,23.00,,,,,,
1961340176571609092,SDA薄型气缸,气动元件 > 气缸,三川气动（SACU）,SDA25*20,个,12.00,25.00,,,,,,
1961340176571609093,SDA薄型气缸,气动元件 > 气缸,三川气动（SACU）,SDA25*50,个,10.56,22.00,,,,,,
1961340176567414785,SDA薄型气缸,气动元件 > 气缸,三川气动（SACU）,SDA32*10,个,13.44,13.44,,,,,,
1961340176567414786,SDA薄型气缸,气动元件 > 气缸,三川气动（SACU）,SDA32*25,个,14.88,31.00,,,,,,
1961340176567414787,SDA薄型气缸,气动元件 > 气缸,三川气动（SACU）,SDA32*30,个,15.36,32.00,,,,,,
1961340176567414788,SDA薄型气缸,气动元件 > 气缸,三川气动（SACU）,SDA32*35,个,16.32,34.00,,,,,,
1961340176567414789,SDA薄型气缸,气动元件 > 气缸,三川气动（SACU）,SDA32*40,个,16.80,35.00,,,,,,
1961340176567414790,SDA薄型气缸,气动元件 > 气缸,三川气动（SACU）,SDA32*50,个,17.76,37.00,,,,,,
1961325847289835521,SDA薄型气缸,气动元件 > 气缸,三川气动（SACU）,SDA40*10,个,16.32,34.00,,,,,,
1961328394662621191,SDA薄型气缸,气动元件 > 气缸,三川气动（SACU）,SDA40*100,个,31.68,66.00,,,,,,
1961325847294029826,SDA薄型气缸,气动元件 > 气缸,三川气动（SACU）,SDA40*15,个,17.28,36.00,,,,,,
1961326574124969987,SDA薄型气缸,气动元件 > 气缸,三川气动（SACU）,SDA40*20,个,18.24,38.00,,,,,,
1961326574124969988,SDA薄型气缸,气动元件 > 气缸,三川气动（SACU）,SDA40*30,个,19.68,41.00,,,,,,
1961326574124969989,SDA薄型气缸,气动元件 > 气缸,三川气动（SACU）,SDA40*35,个,20.16,42.00,,,,,,
1961326574124969990,SDA薄型气缸,气动元件 > 气缸,三川气动（SACU）,SDA50*10,个,21.60,45.00,,,,,,
1961328394662621192,SDA薄型气缸,气动元件 > 气缸,三川气动（SACU）,SDA50*100,个,40.80,85.00,,,,,,
1961330586316484609,SDA薄型气缸,气动元件 > 气缸,三川气动（SACU）,SDA50*20,个,23.52,49.00,,,,,,
1961326574124969991,SDA薄型气缸,气动元件 > 气缸,三川气动（SACU）,SDA50*25,个,24.48,51.00,,,,,,
1961328394662621186,SDA薄型气缸,气动元件 > 气缸,三川气动（SACU）,SDA50*30,个,25.44,53.00,,,,,,
1961328394662621187,SDA薄型气缸,气动元件 > 气缸,三川气动（SACU）,SDA50*35,个,26.40,55.00,,,,,,
1961328394662621188,SDA薄型气缸,气动元件 > 气缸,三川气动（SACU）,SDA50*40,个,27.36,57.00,,,,,,
1961328394662621189,SDA薄型气缸,气动元件 > 气缸,三川气动（SACU）,SDA50*50-B,个,29.28,61.00,,,,,,
1961328394662621190,SDA薄型气缸,气动元件 > 气缸,三川气动（SACU）,SDA50*60,个,32.16,67.00,,,,,,
1961773820448681986,SDA薄型气缸,气动元件 > 气缸,三川气动（SACU）,SDA63*10,个,28.80,60.00,,,,,,
1961773820448681987,SDA薄型气缸,气动元件 > 气缸,三川气动（SACU）,SDA63*15,个,29.76,62.00,,,,,,
1961773820452876290,SDA薄型气缸,气动元件 > 气缸,三川气动（SACU）,SDA63*25,个,32.64,68.00,,,,,,
1961773820452876291,SDA薄型气缸,气动元件 > 气缸,三川气动（SACU）,SDA63*45,个,37.92,79.00,,,,,,
1961773820452876292,SDA薄型气缸,气动元件 > 气缸,三川气动（SACU）,SDA63*50,个,39.36,82.00,,,,,,
1961773820452876293,SDA薄型气缸,气动元件 > 气缸,三川气动（SACU）,SDA80*20,个,50.88,106.00,,,,,,
1961773820452876294,SDA薄型气缸,气动元件 > 气缸,三川气动（SACU）,SDA80*30,个,54.72,114.00,,,,,,
1961773820452876295,SDA薄型气缸,气动元件 > 气缸,三川气动（SACU）,SDA80*40,个,58.56,122.00,,,,,,
1961773820452876296,SDA薄型气缸,气动元件 > 气缸,三川气动（SACU）,SDA80*50,个,62.40,130.00,,,,,,
1961344870891171842,SDA薄型气缸,气动元件 > 气缸,三正气动,SDA20*15,个,10.56,22.00,,,,,,
1961344870891171843,SDA薄型气缸,气动元件 > 气缸,三正气动,SDA25*10,个,11.04,23.00,,,,,,
1961344870891171844,SDA薄型气缸,气动元件 > 气缸,三正气动,SDA25*20,个,12.00,25.00,,,,,,
1947192183585017857,SDA薄型气缸,气动元件 > 气缸,东特,SDA100*10,个,72.00,150.00,,,,,,
1947192183589212165,SDA薄型气缸,气动元件 > 气缸,东特,SDA100*100,个,124.80,260.00,,,,,,
1947192183585017858,SDA薄型气缸,气动元件 > 气缸,东特,SDA100*15,个,74.40,155.00,,,,,,
1947192183585017859,SDA薄型气缸,气动元件 > 气缸,东特,SDA100*20,个,77.76,162.00,,,,,,
1947192183585017860,SDA薄型气缸,气动元件 > 气缸,东特,SDA100*25,个,80.16,167.00,,,,,,
1947192183585017861,SDA薄型气缸,气动元件 > 气缸,东特,SDA100*30,个,83.52,174.00,,,,,,
1947192183585017862,SDA薄型气缸,气动元件 > 气缸,东特,SDA100*35,个,86.40,180.00,,,,,,
1947192183585017863,SDA薄型气缸,气动元件 > 气缸,东特,SDA100*40,个,89.28,186.00,,,,,,
1947192183585017864,SDA薄型气缸,气动元件 > 气缸,东特,SDA100*45,个,92.16,192.00,,,,,,
1947135347632672779,SDA薄型气缸,气动元件 > 气缸,东特,SDA100*5,个,69.60,145.00,,,,,,
1947192183585017865,SDA薄型气缸,气动元件 > 气缸,东特,SDA100*50,个,95.04,198.00,,,,,,
1947192183585017866,SDA薄型气缸,气动元件 > 气缸,东特,SDA100*55,个,98.40,205.00,,,,,,
1947192183585017867,SDA薄型气缸,气动元件 > 气缸,东特,SDA100*60,个,100.80,210.00,,,,,,
1947192183585017868,SDA薄型气缸,气动元件 > 气缸,东特,SDA100*65,个,103.68,216.00,,,,,,
1947192183585017869,SDA薄型气缸,气动元件 > 气缸,东特,SDA100*70,个,106.56,222.00,,,,,,
1947192183585017870,SDA薄型气缸,气动元件 > 气缸,东特,SDA100*75,个,109.44,228.00,,,,,,
1947192183585017871,SDA薄型气缸,气动元件 > 气缸,东特,SDA100*80,个,112.80,235.00,,,,,,
1947192183589212162,SDA薄型气缸,气动元件 > 气缸,东特,SDA100*85,个,116.16,242.00,,,,,,
1947192183589212163,SDA薄型气缸,气动元件 > 气缸,东特,SDA100*90,个,119.04,248.00,,,,,,
1947192183589212164,SDA薄型气缸,气动元件 > 气缸,东特,SDA100*95,个,122.40,255.00,,,,,,
1947179852998152194,SDA薄型气缸,气动元件 > 气缸,东特,SDA12*10,个,8.64,18.00,,,,,,
1947179852998152195,SDA薄型气缸,气动元件 > 气缸,东特,SDA12*15,个,9.60,20.00,,,,,,
1947179852998152196,SDA薄型气缸,气动元件 > 气缸,东特,SDA12*20,个,10.08,21.00,,,,,,
1947179852998152197,SDA薄型气缸,气动元件 > 气缸,东特,SDA12*25,个,11.04,23.00,,,,,,
1947179853002346497,SDA薄型气缸,气动元件 > 气缸,东特,SDA12*30,个,11.52,24.00,,,,,,
1947179853002346498,SDA薄型气缸,气动元件 > 气缸,东特,SDA12*35,个,12.00,25.00,,,,,,
1947179853002346499,SDA薄型气缸,气动元件 > 气缸,东特,SDA12*40,个,12.48,26.00,,,,,,
1947179853002346500,SDA薄型气缸,气动元件 > 气缸,东特,SDA12*45,个,12.96,27.00,,,,,,
1947135347632672770,SDA薄型气缸,气动元件 > 气缸,东特,SDA12*5,个,8.16,17.00,,,,,,
1947179853002346501,SDA薄型气缸,气动元件 > 气缸,东特,SDA12*50,个,13.44,28.00,,,,,,
1947180579644542978,SDA薄型气缸,气动元件 > 气缸,东特,SDA16*10,个,10.08,21.00,,,,,,
1947180579644542979,SDA薄型气缸,气动元件 > 气缸,东特,SDA16*15,个,11.52,24.00,,,,,,
1947180579644542980,SDA薄型气缸,气动元件 > 气缸,东特,SDA16*20,个,12.00,25.00,,,,,,
1947180579644542981,SDA薄型气缸,气动元件 > 气缸,东特,SDA16*25,个,12.96,27.00,,,,,,
1947180579644542982,SDA薄型气缸,气动元件 > 气缸,东特,SDA16*30,个,13.92,29.00,,,,,,
1947180579644542983,SDA薄型气缸,气动元件 > 气缸,东特,SDA16*35,个,14.40,30.00,,,,,,
1947180579648737281,SDA薄型气缸,气动元件 > 气缸,东特,SDA16*40,个,14.88,31.00,,,,,,
1947180579648737282,SDA薄型气缸,气动元件 > 气缸,东特,SDA16*45,个,15.84,33.00,,,,,,
1947135347632672771,SDA薄型气缸,气动元件 > 气缸,东特,SDA16*5,个,9.60,20.00,,,,,,
1947180579648737283,SDA薄型气缸,气动元件 > 气缸,东特,SDA16*50,个,16.32,34.00,,,,,,
1947182271337369602,SDA薄型气缸,气动元件 > 气缸,东特,SDA20*10,个,10.08,21.00,,,,,,
1947182271345758209,SDA薄型气缸,气动元件 > 气缸,东特,SDA20*100,个,20.16,42.00,,,,,,
1947182271337369603,SDA薄型气缸,气动元件 > 气缸,东特,SDA20*15,个,10.56,22.00,,,,,,
1947182271337369604,SDA薄型气缸,气动元件 > 气缸,东特,SDA20*20,个,11.04,23.00,,,,,,
1947182271337369605,SDA薄型气缸,气动元件 > 气缸,东特,SDA20*25,个,11.52,24.00,,,,,,
1947182271337369606,SDA薄型气缸,气动元件 > 气缸,东特,SDA20*30,个,12.00,25.00,,,,,,
1947182271341563905,SDA薄型气缸,气动元件 > 气缸,东特,SDA20*35,个,12.48,26.00,,,,,,
1947182271341563906,SDA薄型气缸,气动元件 > 气缸,东特,SDA20*40,个,12.96,27.00,,,,,,
1947182271341563907,SDA薄型气缸,气动元件 > 气缸,东特,SDA20*45,个,13.44,28.00,,,,,,
1947135347632672772,SDA薄型气缸,气动元件 > 气缸,东特,SDA20*5,个,9.60,20.00,,,,,,
1947182271341563908,SDA薄型气缸,气动元件 > 气缸,东特,SDA20*50,个,13.92,29.00,,,,,,
1947182271341563909,SDA薄型气缸,气动元件 > 气缸,东特,SDA20*55,个,14.88,31.00,,,,,,
1947182271341563910,SDA薄型气缸,气动元件 > 气缸,东特,SDA20*60,个,15.36,32.00,,,,,,
1947182271341563911,SDA薄型气缸,气动元件 > 气缸,东特,SDA20*65,个,15.84,33.00,,,,,,
1947182271341563912,SDA薄型气缸,气动元件 > 气缸,东特,SDA20*70,个,16.32,34.00,,,,,,
1947182271341563913,SDA薄型气缸,气动元件 > 气缸,东特,SDA20*75,个,16.80,35.00,,,,,,
1947182271341563914,SDA薄型气缸,气动元件 > 气缸,东特,SDA20*80,个,17.28,36.00,,,,,,
1947182271341563915,SDA薄型气缸,气动元件 > 气缸,东特,SDA20*85,个,17.76,37.00,,,,,,
1947182271341563916,SDA薄型气缸,气动元件 > 气缸,东特,SDA20*90,个,18.72,39.00,,,,,,
1947182271341563917,SDA薄型气缸,气动元件 > 气缸,东特,SDA20*95,个,19.20,40.00,,,,,,
1947183415870656514,SDA薄型气缸,气动元件 > 气缸,东特,SDA25*10,个,11.04,23.00,,,,,,
1947183415879045127,SDA薄型气缸,气动元件 > 气缸,东特,SDA25*100,个,20.64,43.00,,,,,,
1947183415870656515,SDA薄型气缸,气动元件 > 气缸,东特,SDA25*15,个,11.52,24.00,,,,,,
1947183415874850818,SDA薄型气缸,气动元件 > 气缸,东特,SDA25*20,个,12.00,25.00,,,,,,
1947183415874850819,SDA薄型气缸,气动元件 > 气缸,东特,SDA25*25,个,12.48,26.00,,,,,,
1961350920847536129,SDA薄型气缸,气动元件 > 气缸,东特,SDA25*25-S,个,12.48,26.00,,,,,,
1947183415874850820,SDA薄型气缸,气动元件 > 气缸,东特,SDA25*30,个,12.96,27.00,,,,,,
1947183415874850821,SDA薄型气缸,气动元件 > 气缸,东特,SDA25*35,个,13.44,28.00,,,,,,
1947183415874850822,SDA薄型气缸,气动元件 > 气缸,东特,SDA25*40,个,13.92,29.00,,,,,,
1947183415874850823,SDA薄型气缸,气动元件 > 气缸,东特,SDA25*45,个,14.40,30.00,,,,,,
1947135347632672773,SDA薄型气缸,气动元件 > 气缸,东特,SDA25*5,个,10.56,22.00,,,,,,
1947183415874850824,SDA薄型气缸,气动元件 > 气缸,东特,SDA25*50,个,14.88,31.00,,,,,,
1947183415874850825,SDA薄型气缸,气动元件 > 气缸,东特,SDA25*55,个,15.36,32.00,,,,,,
1947183415874850826,SDA薄型气缸,气动元件 > 气缸,东特,SDA25*60,个,15.84,33.00,,,,,,
1947183415874850827,SDA薄型气缸,气动元件 > 气缸,东特,SDA25*65,个,16.80,35.00,,,,,,
1947183415874850828,SDA薄型气缸,气动元件 > 气缸,东特,SDA25*70,个,17.28,36.00,,,,,,
1947183415879045122,SDA薄型气缸,气动元件 > 气缸,东特,SDA25*75,个,17.76,37.00,,,,,,
1947183415879045123,SDA薄型气缸,气动元件 > 气缸,东特,SDA25*80,个,18.24,38.00,,,,,,
1947183415879045124,SDA薄型气缸,气动元件 > 气缸,东特,SDA25*85,个,18.72,39.00,,,,,,
1947183415879045125,SDA薄型气缸,气动元件 > 气缸,东特,SDA25*90,个,19.20,40.00,,,,,,
1947183415879045126,SDA薄型气缸,气动元件 > 气缸,东特,SDA25*95,个,19.68,41.00,,,,,,
1947184307357388802,SDA薄型气缸,气动元件 > 气缸,东特,SDA32*10,个,13.44,28.00,,,,,,
1947184307365777410,SDA薄型气缸,气动元件 > 气缸,东特,SDA32*100,个,24.48,51.00,,,,,,
1947184307361583105,SDA薄型气缸,气动元件 > 气缸,东特,SDA32*15,个,13.92,29.00,,,,,,
1947184307361583106,SDA薄型气缸,气动元件 > 气缸,东特,SDA32*20,个,14.40,30.00,,,,,,
1947184307361583107,SDA薄型气缸,气动元件 > 气缸,东特,SDA32*25,个,14.88,31.00,,,,,,
1947184307361583108,SDA薄型气缸,气动元件 > 气缸,东特,SDA32*30,个,15.36,32.00,,,,,,
1947184307361583109,SDA薄型气缸,气动元件 > 气缸,东特,SDA32*35,个,16.32,34.00,,,,,,
1947184307361583110,SDA薄型气缸,气动元件 > 气缸,东特,SDA32*40,个,16.80,35.00,,,,,,
1947184307361583111,SDA薄型气缸,气动元件 > 气缸,东特,SDA32*45,个,17.28,36.00,,,,,,
1947135347632672774,SDA薄型气缸,气动元件 > 气缸,东特,SDA32*5,个,12.96,27.00,,,,,,
1947184307361583112,SDA薄型气缸,气动元件 > 气缸,东特,SDA32*50,个,17.76,37.00,,,,,,
1947184307361583113,SDA薄型气缸,气动元件 > 气缸,东特,SDA32*55,个,18.72,39.00,,,,,,
1947184307361583114,SDA薄型气缸,气动元件 > 气缸,东特,SDA32*60,个,19.20,40.00,,,,,,
1947184307361583115,SDA薄型气缸,气动元件 > 气缸,东特,SDA32*65,个,20.16,42.00,,,,,,
1947184307361583116,SDA薄型气缸,气动元件 > 气缸,东特,SDA32*70,个,20.64,43.00,,,,,,
1947184307361583117,SDA薄型气缸,气动元件 > 气缸,东特,SDA32*75,个,21.12,44.00,,,,,,
1947184307361583118,SDA薄型气缸,气动元件 > 气缸,东特,SDA32*80,个,21.60,45.00,,,,,,
1947184307361583119,SDA薄型气缸,气动元件 > 气缸,东特,SDA32*85,个,22.08,46.00,,,,,,
1947184307361583120,SDA薄型气缸,气动元件 > 气缸,东特,SDA32*90,个,23.04,48.00,,,,,,
1947184307361583121,SDA薄型气缸,气动元件 > 气缸,东特,SDA32*95,个,24.00,50.00,,,,,,
1947187159421194241,SDA薄型气缸,气动元件 > 气缸,东特,SDA40*10,个,16.32,34.00,,,,,,
1947187159425388556,SDA薄型气缸,气动元件 > 气缸,东特,SDA40*100,个,31.68,66.00,,,,,,
1947187159421194242,SDA薄型气缸,气动元件 > 气缸,东特,SDA40*15,个,17.28,36.00,,,,,,
1947187159421194243,SDA薄型气缸,气动元件 > 气缸,东特,SDA40*20,个,18.24,38.00,,,,,,
1947187159421194244,SDA薄型气缸,气动元件 > 气缸,东特,SDA40*25,个,18.72,39.00,,,,,,
1947187159421194245,SDA薄型气缸,气动元件 > 气缸,东特,SDA40*30,个,19.68,41.00,,,,,,
1947187159421194246,SDA薄型气缸,气动元件 > 气缸,东特,SDA40*35,个,20.16,42.00,,,,,,
1947187159421194247,SDA薄型气缸,气动元件 > 气缸,东特,SDA40*40,个,21.12,44.00,,,,,,
1947187159425388545,SDA薄型气缸,气动元件 > 气缸,东特,SDA40*45,个,21.60,45.00,,,,,,
1947135347632672775,SDA薄型气缸,气动元件 > 气缸,东特,SDA40*5,个,15.36,32.00,,,,,,
1947187159425388546,SDA薄型气缸,气动元件 > 气缸,东特,SDA40*50,个,22.56,47.00,,,,,,
1947187159425388547,SDA薄型气缸,气动元件 > 气缸,东特,SDA40*55,个,23.04,48.00,,,,,,
1947187159425388548,SDA薄型气缸,气动元件 > 气缸,东特,SDA40*60,个,24.00,50.00,,,,,,
1947187159425388549,SDA薄型气缸,气动元件 > 气缸,东特,SDA40*65,个,24.96,52.00,,,,,,
1947187159425388550,SDA薄型气缸,气动元件 > 气缸,东特,SDA40*70,个,25.92,54.00,,,,,,
1947187159425388551,SDA薄型气缸,气动元件 > 气缸,东特,SDA40*75,个,26.88,56.00,,,,,,
1947187159425388552,SDA薄型气缸,气动元件 > 气缸,东特,SDA40*80,个,27.84,58.00,,,,,,
1947187159425388553,SDA薄型气缸,气动元件 > 气缸,东特,SDA40*85,个,28.80,60.00,,,,,,
1947187159425388554,SDA薄型气缸,气动元件 > 气缸,东特,SDA40*90,个,29.76,62.00,,,,,,
1947187159425388555,SDA薄型气缸,气动元件 > 气缸,东特,SDA40*95,个,30.72,64.00,,,,,,
1947187848759250945,SDA薄型气缸,气动元件 > 气缸,东特,SDA50*10,个,21.60,45.00,,,,,,
1947187848763445256,SDA薄型气缸,气动元件 > 气缸,东特,SDA50*100,个,40.80,85.00,,,,,,
1947187848759250946,SDA薄型气缸,气动元件 > 气缸,东特,SDA50*15,个,22.56,47.00,,,,,,
1947187848759250947,SDA薄型气缸,气动元件 > 气缸,东特,SDA50*20,个,23.52,49.00,,,,,,
1947187848759250948,SDA薄型气缸,气动元件 > 气缸,东特,SDA50*25,个,24.48,51.00,,,,,,
1947187848759250949,SDA薄型气缸,气动元件 > 气缸,东特,SDA50*30,个,25.44,53.00,,,,,,
1947187848759250950,SDA薄型气缸,气动元件 > 气缸,东特,SDA50*35,个,26.40,55.00,,,,,,
1947187848759250951,SDA薄型气缸,气动元件 > 气缸,东特,SDA50*40,个,27.36,57.00,,,,,,
1947187848759250952,SDA薄型气缸,气动元件 > 气缸,东特,SDA50*45,个,28.32,59.00,,,,,,
1947135347632672776,SDA薄型气缸,气动元件 > 气缸,东特,SDA50*5,个,20.64,43.00,,,,,,
1947187848759250953,SDA薄型气缸,气动元件 > 气缸,东特,SDA50*50,个,29.28,61.00,,,,,,
1947187848759250954,SDA薄型气缸,气动元件 > 气缸,东特,SDA50*55,个,30.72,64.00,,,,,,
1947187848759250955,SDA薄型气缸,气动元件 > 气缸,东特,SDA50*60,个,32.16,67.00,,,,,,
1947187848759250956,SDA薄型气缸,气动元件 > 气缸,东特,SDA50*65,个,33.60,70.00,,,,,,
1947187848763445250,SDA薄型气缸,气动元件 > 气缸,东特,SDA50*70,个,34.56,72.00,,,,,,
1947187848763445251,SDA薄型气缸,气动元件 > 气缸,东特,SDA50*75,个,35.52,74.00,,,,,,
1947187848763445252,SDA薄型气缸,气动元件 > 气缸,东特,SDA50*80,个,36.48,76.00,,,,,,
1947187848763445253,SDA薄型气缸,气动元件 > 气缸,东特,SDA50*85,个,37.92,79.00,,,,,,
1947187848763445254,SDA薄型气缸,气动元件 > 气缸,东特,SDA50*90,个,38.88,81.00,,,,,,
1947187848763445255,SDA薄型气缸,气动元件 > 气缸,东特,SDA50*95,个,39.84,83.00,,,,,,
1947190369397542914,SDA薄型气缸,气动元件 > 气缸,东特,SDA63*10,个,28.80,60.00,,,,,,
1947190369401737220,SDA薄型气缸,气动元件 > 气缸,东特,SDA63*100,个,53.76,112.00,,,,,,
1947190369397542915,SDA薄型气缸,气动元件 > 气缸,东特,SDA63*15,个,29.76,62.00,,,,,,
1947190369397542916,SDA薄型气缸,气动元件 > 气缸,东特,SDA63*20,个,31.20,65.00,,,,,,
1947190369397542917,SDA薄型气缸,气动元件 > 气缸,东特,SDA63*25,个,32.64,68.00,,,,,,
1947190369397542918,SDA薄型气缸,气动元件 > 气缸,东特,SDA63*30,个,33.60,70.00,,,,,,
1947190369397542919,SDA薄型气缸,气动元件 > 气缸,东特,SDA63*35,个,35.04,73.00,,,,,,
1947190369397542920,SDA薄型气缸,气动元件 > 气缸,东特,SDA63*40,个,36.48,76.00,,,,,,
1947190369397542921,SDA薄型气缸,气动元件 > 气缸,东特,SDA63*45,个,37.92,79.00,,,,,,
1947135347632672777,SDA薄型气缸,气动元件 > 气缸,东特,SDA63*5,个,27.84,58.00,,,,,,
1947190369397542922,SDA薄型气缸,气动元件 > 气缸,东特,SDA63*50,个,39.36,82.00,,,,,,
1947190369397542923,SDA薄型气缸,气动元件 > 气缸,东特,SDA63*55,个,40.32,84.00,,,,,,
1947190369397542924,SDA薄型气缸,气动元件 > 气缸,东特,SDA63*60,个,41.76,87.00,,,,,,
1947190369397542925,SDA薄型气缸,气动元件 > 气缸,东特,SDA63*65,个,43.20,90.00,,,,,,
1947190369397542926,SDA薄型气缸,气动元件 > 气缸,东特,SDA63*70,个,44.16,92.00,,,,,,
1947190369397542927,SDA薄型气缸,气动元件 > 气缸,东特,SDA63*75,个,45.60,95.00,,,,,,
1947190369397542928,SDA薄型气缸,气动元件 > 气缸,东特,SDA63*80,个,47.04,98.00,,,,,,
1947190369401737217,SDA薄型气缸,气动元件 > 气缸,东特,SDA63*85,个,48.00,100.00,,,,,,
1947190369401737218,SDA薄型气缸,气动元件 > 气缸,东特,SDA63*90,个,49.92,104.00,,,,,,
1947190369401737219,SDA薄型气缸,气动元件 > 气缸,东特,SDA63*95,个,51.84,108.00,,,,,,
1947191301678075906,SDA薄型气缸,气动元件 > 气缸,东特,SDA80*10,个,48.00,100.00,,,,,,
1947191301678075924,SDA薄型气缸,气动元件 > 气缸,东特,SDA80*100,个,81.60,170.00,,,,,,
1947191301678075907,SDA薄型气缸,气动元件 > 气缸,东特,SDA80*15,个,49.44,103.00,,,,,,
1947191301678075908,SDA薄型气缸,气动元件 > 气缸,东特,SDA80*20,个,50.88,106.00,,,,,,
1947191301678075909,SDA薄型气缸,气动元件 > 气缸,东特,SDA80*25,个,52.80,110.00,,,,,,
1947191301678075910,SDA薄型气缸,气动元件 > 气缸,东特,SDA80*30,个,54.72,114.00,,,,,,
1947191301678075911,SDA薄型气缸,气动元件 > 气缸,东特,SDA80*35,个,56.64,118.00,,,,,,
1947191301678075912,SDA薄型气缸,气动元件 > 气缸,东特,SDA80*40,个,58.56,122.00,,,,,,
1947191301678075913,SDA薄型气缸,气动元件 > 气缸,东特,SDA80*45,个,60.48,126.00,,,,,,
1947135347632672778,SDA薄型气缸,气动元件 > 气缸,东特,SDA80*5,个,46.08,96.00,,,,,,
1947191301678075914,SDA薄型气缸,气动元件 > 气缸,东特,SDA80*50,个,62.40,130.00,,,,,,
1947191301678075915,SDA薄型气缸,气动元件 > 气缸,东特,SDA80*55,个,64.32,134.00,,,,,,
1947191301678075916,SDA薄型气缸,气动元件 > 气缸,东特,SDA80*60,个,66.24,138.00,,,,,,
1947191301678075917,SDA薄型气缸,气动元件 > 气缸,东特,SDA80*65,个,68.16,142.00,,,,,,
1947191301678075918,SDA薄型气缸,气动元件 > 气缸,东特,SDA80*70,个,70.08,146.00,,,,,,
1947191301678075919,SDA薄型气缸,气动元件 > 气缸,东特,SDA80*75,个,72.00,150.00,,,,,,
1947191301678075920,SDA薄型气缸,气动元件 > 气缸,东特,SDA80*80,个,73.92,154.00,,,,,,
1947191301678075921,SDA薄型气缸,气动元件 > 气缸,东特,SDA80*85,个,75.84,158.00,,,,,,
1947191301678075922,SDA薄型气缸,气动元件 > 气缸,东特,SDA80*90,个,77.76,162.00,,,,,,
1947191301678075923,SDA薄型气缸,气动元件 > 气缸,东特,SDA80*95,个,79.68,166.00,,,,,,
1961344619312623621,SDA薄型气缸,气动元件 > 气缸,亚德客(AirTac),SDA12*20,个,10.08,21.00,,,,,,
1961344619312623620,SDA薄型气缸,气动元件 > 气缸,亚德客(AirTac),SDA12*5,个,8.16,17.00,,,,,,
1961344619312623622,SDA薄型气缸,气动元件 > 气缸,亚德客(AirTac),SDA16*25-B,个,12.96,27.00,,,,,,
1961344619312623623,SDA薄型气缸,气动元件 > 气缸,亚德客(AirTac),SDA16*5,个,9.60,20.00,,,,,,
1961344619312623618,SDA薄型气缸,气动元件 > 气缸,亚德客(AirTac),SDA20*25,个,11.52,24.00,,,,,,
1961344619312623619,SDA薄型气缸,气动元件 > 气缸,亚德客(AirTac),SDA20*50-B,个,13.92,29.00,,,,,,
1961344619312623624,SDA薄型气缸,气动元件 > 气缸,亚德客(AirTac),SDA25*5-SDAJ-5,个,10.56,22.00,,,,,,
1961328203104563202,SDA薄型气缸,气动元件 > 气缸,亚德客(AirTac),SDA50*75,个,35.52,74.00,,,,,,
1961773977198211074,SDA薄型气缸,气动元件 > 气缸,亚德客(AirTac),SDA63*30,个,33.60,70.00,,,,,,
1961343742237519873,SDA薄型气缸,气动元件 > 气缸,卓良(zholo),SDA32*40,个,16.80,35.00,,,,,,
1961330719775043586,SDA薄型气缸,气动元件 > 气缸,卓良(zholo),SDA40*40,个,21.12,44.00,,,,,,
1961776004716376065,SDA薄型气缸,气动元件 > 气缸,卓良(zholo),SDA50*100,个,40.80,85.00,,,,,,
1961774183373418498,SDA薄型气缸,气动元件 > 气缸,卓良(zholo),SDA63*25,个,32.64,68.00,,,,,,
1961774183373418499,SDA薄型气缸,气动元件 > 气缸,卓良(zholo),SDA80*70,个,70.08,146.00,,,,,,
1961774183373418500,SDA薄型气缸,气动元件 > 气缸,卓良(zholo),SDA80*75,个,72.00,150.00,,,,,,
1961341042556973058,SDA薄型气缸,气动元件 > 气缸,宝诚（CNB&C）,SDA32*5,个,12.96,27.00,,,,,,
1961327405935144961,SDA薄型气缸,气动元件 > 气缸,宝诚（CNB&C）,SDA40*10,个,16.32,34.00,,,,,,
1961327405935144962,SDA薄型气缸,气动元件 > 气缸,宝诚（CNB&C）,SDA40*20,个,18.24,38.00,,,,,,
1961327405939339265,SDA薄型气缸,气动元件 > 气缸,宝诚（CNB&C）,SDA40*30,个,19.68,41.00,,,,,,
1961327405939339266,SDA薄型气缸,气动元件 > 气缸,宝诚（CNB&C）,SDA40*35,个,20.16,42.00,,,,,,
1961327405939339267,SDA薄型气缸,气动元件 > 气缸,宝诚（CNB&C）,SDA50*10,个,21.60,45.00,,,,,,
1961327405939339268,SDA薄型气缸,气动元件 > 气缸,宝诚（CNB&C）,SDA50*25,个,24.48,51.00,,,,,,
1961326574124969986,SDA薄型气缸,气动元件 > 气缸,宝诚（CNB&C）,SDA50*30,个,25.44,53.00,,,,,,
1961344229389152258,SDA薄型气缸,气动元件 > 气缸,盛达(SDPC),SDA16*15,个,11.52,24.00,,,,,,
1961344229384957955,SDA薄型气缸,气动元件 > 气缸,盛达(SDPC),SDA20*15,个,10.56,22.00,,,,,,
1961344229384957956,SDA薄型气缸,气动元件 > 气缸,盛达(SDPC),SDA20*30,个,11.52,24.00,,,,,,
1961344229389152257,SDA薄型气缸,气动元件 > 气缸,盛达(SDPC),SDA20*40,个,12.96,27.00,,,,,,
1961354659587207169,SDA薄型气缸,气动元件 > 气缸,盛达(SDPC),SDA25*10,个,11.04,23.00,,,,,,
1961344229389152259,SDA薄型气缸,气动元件 > 气缸,盛达(SDPC),SDA25*30,个,12.96,27.00,,,,,,
1961344229389152260,SDA薄型气缸,气动元件 > 气缸,盛达(SDPC),SDA25*50,个,10.56,22.00,,,,,,
1961344229384957954,SDA薄型气缸,气动元件 > 气缸,盛达(SDPC),SDA32*40,个,16.80,35.00,,,,,,
1961325380816121858,SDA薄型气缸,气动元件 > 气缸,盛达(SDPC),SDA40*10,个,16.32,34.00,,,,,,
1961325380820316161,SDA薄型气缸,气动元件 > 气缸,盛达(SDPC),SDA40*20,个,18.24,38.00,,,,,,
1961325380820316162,SDA薄型气缸,气动元件 > 气缸,盛达(SDPC),SDA40*30,个,19.68,41.00,,,,,,
1961325380820316163,SDA薄型气缸,气动元件 > 气缸,盛达(SDPC),SDA40*35,个,20.16,42.00,,,,,,
1961325380820316164,SDA薄型气缸,气动元件 > 气缸,盛达(SDPC),SDA50*10,个,21.60,45.00,,,,,,
1961325380820316165,SDA薄型气缸,气动元件 > 气缸,盛达(SDPC),SDA50*25,个,24.48,51.00,,,,,,
1961325380820316166,SDA薄型气缸,气动元件 > 气缸,盛达(SDPC),SDA50*45,个,28.32,59.00,,,,,,
1961774785801302018,SDA薄型气缸,气动元件 > 气缸,盛达(SDPC),SDA63*50,个,39.36,82.00,,,,,,
1961350413378695170,SDA薄型气缸,气动元件 > 气缸,菲特气动,SDA25*25,个,12.48,26.00,,,,,,
1946466298087116802,SU系列标准气缸（内藏式）,气动元件 > 气缸,东特,SU32-50,,27.84,58.00,,,,,,
1951560664245870593,TN双杆气缸,气动元件 > 气缸,东特,TN10-10,个,15.60,27.30,,,,,,
1951560664258453508,TN双杆气缸,气动元件 > 气缸,东特,TN10-100,个,24.00,42.00,,,,,,
1951560664258453509,TN双杆气缸,气动元件 > 气缸,东特,TN10-125,个,26.00,45.50,,,,,,
1951560664250064897,TN双杆气缸,气动元件 > 气缸,东特,TN10-15,个,16.00,28.00,,,,,,
1951560664258453510,TN双杆气缸,气动元件 > 气缸,东特,TN10-150,个,28.00,49.00,,,,,,
1951560664258453511,TN双杆气缸,气动元件 > 气缸,东特,TN10-175,个,32.00,56.00,,,,,,
1951560664250064898,TN双杆气缸,气动元件 > 气缸,东特,TN10-20,个,16.40,28.70,,,,,,
1951560664258453512,TN双杆气缸,气动元件 > 气缸,东特,TN10-200,个,36.00,63.00,,,,,,
1951560664250064899,TN双杆气缸,气动元件 > 气缸,东特,TN10-25,个,16.80,29.40,,,,,,
1951560664258453513,TN双杆气缸,气动元件 > 气缸,东特,TN10-250,个,44.00,77.00,,,,,,
1951560664250064900,TN双杆气缸,气动元件 > 气缸,东特,TN10-30,个,17.20,30.10,,,,,,
1951560664258453514,TN双杆气缸,气动元件 > 气缸,东特,TN10-300,个,52.00,91.00,,,,,,
1951560664250064901,TN双杆气缸,气动元件 > 气缸,东特,TN10-35,个,17.60,30.80,,,,,,
1951560664254259202,TN双杆气缸,气动元件 > 气缸,东特,TN10-40,个,18.00,31.50,,,,,,
1951560664254259203,TN双杆气缸,气动元件 > 气缸,东特,TN10-45,个,18.40,32.20,,,,,,
1951560664254259204,TN双杆气缸,气动元件 > 气缸,东特,TN10-50,个,18.80,32.90,,,,,,
1951560664254259205,TN双杆气缸,气动元件 > 气缸,东特,TN10-60,个,20.00,35.00,,,,,,
1951560664254259206,TN双杆气缸,气动元件 > 气缸,东特,TN10-70,个,20.80,36.40,,,,,,
1951560664254259207,TN双杆气缸,气动元件 > 气缸,东特,TN10-75,个,21.20,37.10,,,,,,
1951560664258453506,TN双杆气缸,气动元件 > 气缸,东特,TN10-80,个,21.60,37.80,,,,,,
1951560664258453507,TN双杆气缸,气动元件 > 气缸,东特,TN10-90,个,22.40,39.20,,,,,,
1951561821299154946,TN双杆气缸,气动元件 > 气缸,东特,TN16-10,个,18.00,31.50,,,,,,
1951561821299154960,TN双杆气缸,气动元件 > 气缸,东特,TN16-100,个,26.00,45.50,,,,,,
1951561821299154961,TN双杆气缸,气动元件 > 气缸,东特,TN16-125,个,28.00,49.00,,,,,,
1951561821299154947,TN双杆气缸,气动元件 > 气缸,东特,TN16-15,个,18.40,32.20,,,,,,
1951561821299154962,TN双杆气缸,气动元件 > 气缸,东特,TN16-150,个,30.00,52.50,,,,,,
1951561821299154963,TN双杆气缸,气动元件 > 气缸,东特,TN16-175,个,32.00,56.00,,,,,,
1951561821299154948,TN双杆气缸,气动元件 > 气缸,东特,TN16-20,个,18.80,32.90,,,,,,
1951561821299154964,TN双杆气缸,气动元件 > 气缸,东特,TN16-200,个,34.00,59.50,,,,,,
1951561821299154949,TN双杆气缸,气动元件 > 气缸,东特,TN16-25,个,19.20,33.60,,,,,,
1951561821299154965,TN双杆气缸,气动元件 > 气缸,东特,TN16-250,个,44.00,77.00,,,,,,
1951561821299154950,TN双杆气缸,气动元件 > 气缸,东特,TN16-30,个,19.60,34.30,,,,,,
1951561821299154966,TN双杆气缸,气动元件 > 气缸,东特,TN16-300,个,48.00,84.00,,,,,,
1951561821299154951,TN双杆气缸,气动元件 > 气缸,东特,TN16-35,个,20.00,35.00,,,,,,
1951561821299154952,TN双杆气缸,气动元件 > 气缸,东特,TN16-40,个,20.40,35.70,,,,,,
1951561821299154953,TN双杆气缸,气动元件 > 气缸,东特,TN16-45,个,20.80,36.40,,,,,,
1951561821299154954,TN双杆气缸,气动元件 > 气缸,东特,TN16-50,个,21.20,37.10,,,,,,
1951561821299154955,TN双杆气缸,气动元件 > 气缸,东特,TN16-60,个,22.00,38.50,,,,,,
1951561821299154956,TN双杆气缸,气动元件 > 气缸,东特,TN16-70,个,23.20,40.60,,,,,,
1951561821299154957,TN双杆气缸,气动元件 > 气缸,东特,TN16-75,个,23.60,41.30,,,,,,
1951561821299154958,TN双杆气缸,气动元件 > 气缸,东特,TN16-80,个,24.00,42.00,,,,,,
1951561821299154959,TN双杆气缸,气动元件 > 气缸,东特,TN16-90,个,25.20,44.10,,,,,,
1951563464845565954,TN双杆气缸,气动元件 > 气缸,东特,TN20-10,个,21.20,37.10,,,,,,
1951563464849760267,TN双杆气缸,气动元件 > 气缸,东特,TN20-100,个,33.20,58.10,,,,,,
1951563464849760268,TN双杆气缸,气动元件 > 气缸,东特,TN20-125,个,35.20,61.60,,,,,,
1951563464845565955,TN双杆气缸,气动元件 > 气缸,东特,TN20-15,个,22.00,38.50,,,,,,
1951563464849760269,TN双杆气缸,气动元件 > 气缸,东特,TN20-150,个,38.00,66.50,,,,,,
1951563464849760270,TN双杆气缸,气动元件 > 气缸,东特,TN20-175,个,42.00,73.50,,,,,,
1951563464845565956,TN双杆气缸,气动元件 > 气缸,东特,TN20-20,个,22.80,39.90,,,,,,
1951563464849760271,TN双杆气缸,气动元件 > 气缸,东特,TN20-200,个,46.00,80.50,,,,,,
1951563464845565957,TN双杆气缸,气动元件 > 气缸,东特,TN20-25,个,23.60,41.30,,,,,,
1951563464849760272,TN双杆气缸,气动元件 > 气缸,东特,TN20-250,个,54.00,94.50,,,,,,
1951563464845565958,TN双杆气缸,气动元件 > 气缸,东特,TN20-30,个,24.40,42.70,,,,,,
1951563464853954561,TN双杆气缸,气动元件 > 气缸,东特,TN20-300,个,62.00,108.50,,,,,,
1951563464849760258,TN双杆气缸,气动元件 > 气缸,东特,TN20-35,个,25.20,44.10,,,,,,
1951563464849760259,TN双杆气缸,气动元件 > 气缸,东特,TN20-40,个,26.00,45.50,,,,,,
1951563464849760260,TN双杆气缸,气动元件 > 气缸,东特,TN20-45,个,26.80,46.90,,,,,,
1951563464849760261,TN双杆气缸,气动元件 > 气缸,东特,TN20-50,个,27.60,48.30,,,,,,
1951563464849760262,TN双杆气缸,气动元件 > 气缸,东特,TN20-60,个,28.80,50.40,,,,,,
1951563464849760263,TN双杆气缸,气动元件 > 气缸,东特,TN20-70,个,29.60,51.80,,,,,,
1951563464849760264,TN双杆气缸,气动元件 > 气缸,东特,TN20-75,个,30.40,53.20,,,,,,
1951563464849760265,TN双杆气缸,气动元件 > 气缸,东特,TN20-80,个,31.20,54.60,,,,,,
1951563464849760266,TN双杆气缸,气动元件 > 气缸,东特,TN20-90,个,32.00,56.00,,,,,,
1951565030998679553,TN双杆气缸,气动元件 > 气缸,东特,TN25-10,个,27.60,48.30,,,,,,
1951565030998679567,TN双杆气缸,气动元件 > 气缸,东特,TN25-100,个,42.40,74.20,,,,,,
1951565030998679568,TN双杆气缸,气动元件 > 气缸,东特,TN25-125,个,46.00,80.50,,,,,,
1951565030998679554,TN双杆气缸,气动元件 > 气缸,东特,TN25-15,个,28.40,49.70,,,,,,
1951565030998679569,TN双杆气缸,气动元件 > 气缸,东特,TN25-150,个,50.00,87.50,,,,,,
1951565030998679570,TN双杆气缸,气动元件 > 气缸,东特,TN25-175,个,54.00,94.50,,,,,,
1951565030998679555,TN双杆气缸,气动元件 > 气缸,东特,TN25-20,个,29.20,51.10,,,,,,
1951565031002873857,TN双杆气缸,气动元件 > 气缸,东特,TN25-200,个,58.00,101.50,,,,,,
1951565030998679556,TN双杆气缸,气动元件 > 气缸,东特,TN25-25,个,30.00,52.50,,,,,,
1951565031002873858,TN双杆气缸,气动元件 > 气缸,东特,TN25-250,个,68.00,119.00,,,,,,
1951565030998679557,TN双杆气缸,气动元件 > 气缸,东特,TN25-30,个,30.80,53.90,,,,,,
1951565031002873859,TN双杆气缸,气动元件 > 气缸,东特,TN25-300,个,78.00,136.50,,,,,,
1951565030998679558,TN双杆气缸,气动元件 > 气缸,东特,TN25-35,个,31.60,55.30,,,,,,
1951565030998679559,TN双杆气缸,气动元件 > 气缸,东特,TN25-40,个,32.40,56.70,,,,,,
1951565030998679560,TN双杆气缸,气动元件 > 气缸,东特,TN25-45,个,33.20,58.10,,,,,,
1951565030998679561,TN双杆气缸,气动元件 > 气缸,东特,TN25-50,个,34.00,59.50,,,,,,
1951565030998679562,TN双杆气缸,气动元件 > 气缸,东特,TN25-60,个,35.20,61.60,,,,,,
1951565030998679563,TN双杆气缸,气动元件 > 气缸,东特,TN25-70,个,37.60,65.80,,,,,,
1951565030998679564,TN双杆气缸,气动元件 > 气缸,东特,TN25-75,个,38.40,67.20,,,,,,
1951565030998679565,TN双杆气缸,气动元件 > 气缸,东特,TN25-80,个,39.20,68.60,,,,,,
1951565030998679566,TN双杆气缸,气动元件 > 气缸,东特,TN25-90,个,40.80,71.40,,,,,,
1951566099845750785,TN双杆气缸,气动元件 > 气缸,东特,TN32-10,个,42.80,74.90,,,,,,
1951566099849945091,TN双杆气缸,气动元件 > 气缸,东特,TN32-100,个,63.20,110.60,,,,,,
1951566099849945092,TN双杆气缸,气动元件 > 气缸,东特,TN32-125,个,70.00,122.50,,,,,,
1951566099845750786,TN双杆气缸,气动元件 > 气缸,东特,TN32-15,个,44.00,77.00,,,,,,
1951566099849945093,TN双杆气缸,气动元件 > 气缸,东特,TN32-150,个,76.00,133.00,,,,,,
1951566099849945094,TN双杆气缸,气动元件 > 气缸,东特,TN32-175,个,82.00,143.50,,,,,,
1951566099845750787,TN双杆气缸,气动元件 > 气缸,东特,TN32-20,个,45.20,79.10,,,,,,
1951566099849945095,TN双杆气缸,气动元件 > 气缸,东特,TN32-200,个,88.00,154.00,,,,,,
1951566099845750788,TN双杆气缸,气动元件 > 气缸,东特,TN32-25,个,46.40,81.20,,,,,,
1951566099849945096,TN双杆气缸,气动元件 > 气缸,东特,TN32-250,个,110.00,192.50,,,,,,
1951566099845750789,TN双杆气缸,气动元件 > 气缸,东特,TN32-30,个,47.60,83.30,,,,,,
1951566099849945097,TN双杆气缸,气动元件 > 气缸,东特,TN32-300,个,124.00,217.00,,,,,,
1951566099845750790,TN双杆气缸,气动元件 > 气缸,东特,TN32-35,个,48.80,85.40,,,,,,
1951566099845750791,TN双杆气缸,气动元件 > 气缸,东特,TN32-40,个,50.00,87.50,,,,,,
1951566099845750792,TN双杆气缸,气动元件 > 气缸,东特,TN32-45,个,51.20,89.60,,,,,,
1951566099845750793,TN双杆气缸,气动元件 > 气缸,东特,TN32-50,个,52.80,92.40,,,,,,
1951566099845750794,TN双杆气缸,气动元件 > 气缸,东特,TN32-60,个,54.00,94.50,,,,,,
1951566099845750795,TN双杆气缸,气动元件 > 气缸,东特,TN32-70,个,56.00,98.00,,,,,,
1951566099845750796,TN双杆气缸,气动元件 > 气缸,东特,TN32-75,个,57.20,100.10,,,,,,
1951566099849945089,TN双杆气缸,气动元件 > 气缸,东特,TN32-80,个,58.40,102.20,,,,,,
1951566099849945090,TN双杆气缸,气动元件 > 气缸,东特,TN32-90,个,60.80,106.40,,,,,,
1960508687470616578,薄型气缸（长得不一样）,气动元件 > 气缸,,CDQ2B25-25DMZ,,,,,,,,,缺成本价+缺售价
1976859218703032321,SC气缸底座,气动元件 > 气缸配件,,40CA,个,,,,,,,,缺成本价+缺售价
1945722189835702273,磁性开关,气动元件 > 气缸配件,,RMS-A1-020,,2.00,3.50,,,,,,
1976856828025249794,鱼眼接头,气动元件 > 气缸配件,,M12*75,个,,,,,,,,缺成本价+缺售价
1957297606786859010,气动手动阀(one way),气动元件 > 气动电磁阀,,4V210-08,个,,45.00,,,,,,缺成本价
1957293430187016195,气动电磁阀,气动元件 > 气动电磁阀,JYC,2V025-06 (220V),个,,,,,,,,缺成本价+缺售价
1957293430187016194,气动电磁阀,气动元件 > 气动电磁阀,JYC,2V025-08 (220V),个,,,,,,,,缺成本价+缺售价
1957293430187016196,气动电磁阀,气动元件 > 气动电磁阀,JYC,4V210-08 (220V),个,,,,,,,,缺成本价+缺售价
1961768608417787906,气动电磁阀,气动元件 > 气动电磁阀,KSD,FB2E-V 2分,个,,,,,,,,缺成本价+缺售价
1961768608417787905,气动电磁阀,气动元件 > 气动电磁阀,KSD,FB2E-V 3分,个,,,,,,,,缺成本价+缺售价
1961763591799504898,气动电磁阀,气动元件 > 气动电磁阀,MCF,YDMF-Z-25 24V,个,,,,,,,,缺成本价+缺售价
1957293094361677827,气动电磁阀,气动元件 > 气动电磁阀,Mindman,MVSC-220-4E1 (220V),个,,,,,,,,缺成本价+缺售价
1957293094361677825,气动电磁阀,气动元件 > 气动电磁阀,Mindman,MVSC-300-4E1 (220V),个,,,,,,,,缺成本价+缺售价
1957293094361677826,气动电磁阀,气动元件 > 气动电磁阀,Mindman,MVSD-460-4E1 (220V),个,,,,,,,,缺成本价+缺售价
1957293094361677828,气动电磁阀,气动元件 > 气动电磁阀,Mindman,MVSV-188-4E1 (220V),个,,,,,,,,缺成本价+缺售价
1961769854646169602,气动电磁阀,气动元件 > 气动电磁阀,ZLPC,Q22HD-40,个,,,,,,,,缺成本价+缺售价
1957293660127150082,气动电磁阀,气动元件 > 气动电磁阀,亚德客(AirTac),2V025-08 (220V),个,16.00,28.00,,,,,,
1957321350154600457,气动电磁阀,气动元件 > 气动电磁阀,亚德客(AirTac),3V1-06 (220V),个,18.00,45.00,,,,,,
1957293660127150081,气动电磁阀,气动元件 > 气动电磁阀,亚德客(AirTac),3V1-06 (24V),个,18.00,30.00,,,,,,
1957321350158794757,气动电磁阀,气动元件 > 气动电磁阀,亚德客(AirTac),3V310-10 (24V),个,25.00,58.00,,,,,,
1957321350154600450,气动电磁阀,气动元件 > 气动电磁阀,亚德客(AirTac),4M310-10 (24V),个,25.00,58.00,,,,,,
1957321350154600453,气动电磁阀,气动元件 > 气动电磁阀,亚德客(AirTac),4V110-06 (220V),个,23.00,52.00,,,,,,
2071131748829241346,气动电磁阀,气动元件 > 气动电磁阀,亚德客(AirTac),4V210-06 (220V),个,19.00,45.00,,,,,,
1957321350154600451,气动电磁阀,气动元件 > 气动电磁阀,亚德客(AirTac),4V210-06 (24V),个,19.00,45.00,,,,,,
1957321350154600452,气动电磁阀,气动元件 > 气动电磁阀,亚德客(AirTac),4V210-08 (24V),个,19.00,45.00,,,,,,
1972868892569108481,气动电磁阀,气动元件 > 气动电磁阀,亚德客(AirTac),4V210-08（220V）,个,19.00,45.00,,,,,,
1957321350154600460,气动电磁阀,气动元件 > 气动电磁阀,亚德客(AirTac),4V220-08 (220V),个,31.00,71.00,,,,,,
1957321350154600459,气动电磁阀,气动元件 > 气动电磁阀,亚德客(AirTac),4V220-08 (24V),个,31.00,71.00,,,,,,
1957321350154600456,气动电磁阀,气动元件 > 气动电磁阀,亚德客(AirTac),4V230C-08 (24V),个,50.00,115.00,,,,,,
1957321350158794756,气动电磁阀,气动元件 > 气动电磁阀,亚德客(AirTac),4V310-08 (24V),个,25.00,58.00,,,,,,
1957321350154600458,气动电磁阀,气动元件 > 气动电磁阀,亚德客(AirTac),4V310-10 (110V),个,25.00,58.00,,,,,,
1957321350158794755,气动电磁阀,气动元件 > 气动电磁阀,亚德客(AirTac),4V310-10 (220V),个,25.00,58.00,,,,,,
1957321350158794754,气动电磁阀,气动元件 > 气动电磁阀,亚德客(AirTac),4V310-10 (24V),个,25.00,58.00,,,,,,
1957321350158794758,气动电磁阀,气动元件 > 气动电磁阀,亚德客(AirTac),4V320-10 (220V),个,40.00,92.00,,,,,,
1957321350154600454,气动电磁阀,气动元件 > 气动电磁阀,亚德客(AirTac),4V330-10 (24V),个,62.00,143.00,,,,,,
1957321350154600461,气动电磁阀,气动元件 > 气动电磁阀,亚德客(AirTac),4V410-15 (220V),个,42.00,97.00,,,,,,
1957321350154600455,气动电磁阀,气动元件 > 气动电磁阀,亚德客(AirTac),4V430C-15 (220V),个,75.00,173.00,,,,,,
1961769471865597953,气动电磁阀,气动元件 > 气动电磁阀,亚德客(AirTac),M4F210-08,个,,,,,,,,缺成本价+缺售价
1957293832794062850,气动电磁阀,气动元件 > 气动电磁阀,亨博电磁,HBA210 (24V),个,,,,,,,,缺成本价+缺售价
1957294149791170562,气动电磁阀,气动元件 > 气动电磁阀,卓良(zholo),4V210-08 (220V),个,,,,,,,,缺成本价+缺售价
1961764406517891074,气动电磁阀,气动元件 > 气动电磁阀,唯尔美德（VERMD）,DMF-Z-20,个,,,,,,,,缺成本价+缺售价
1961764406513696770,气动电磁阀,气动元件 > 气动电磁阀,唯尔美德（VERMD）,MCF-25J,个,,,,,,,,缺成本价+缺售价
1957296908623986690,气动电磁阀,气动元件 > 气动电磁阀,天盛(TSPC),4V210-08 (220V),个,,45.00,,,,,,缺成本价
1957322438404521985,气动电磁阀,气动元件 > 气动电磁阀,威特,4V210-08 (24V),个,,40.00,,,,,,缺成本价
1957291547707883524,气动电磁阀,气动元件 > 气动电磁阀,盛达(SDPC),2636000 (220V),个,44.55,77.96,,,,,,
1957291547703689217,气动电磁阀,气动元件 > 气动电磁阀,盛达(SDPC),2V025-08 (24V),个,18.00,31.50,,,,,,
1957291547703689220,气动电磁阀,气动元件 > 气动电磁阀,盛达(SDPC),3V210-08 (24V),个,25.20,44.10,,,,,,
1957291547707883523,气动电磁阀,气动元件 > 气动电磁阀,盛达(SDPC),4V230C-08 (24V),个,53.10,92.93,,,,,,
1957291547703689218,气动电磁阀,气动元件 > 气动电磁阀,盛达(SDPC),4V310-10 (220V),个,31.50,55.13,,,,,,
1957291547707883522,气动电磁阀,气动元件 > 气动电磁阀,盛达(SDPC),4V320-10 (220V),个,42.30,74.03,,,,,,
1957291547707883527,气动电磁阀,气动元件 > 气动电磁阀,盛达(SDPC),4V410-15 (220V),个,50.40,88.20,,,,,,
1957291547707883525,气动电磁阀,气动元件 > 气动电磁阀,盛达(SDPC),S250801 (24V),个,53.55,93.71,,,,,,
1957291547703689219,气动电磁阀,气动元件 > 气动电磁阀,盛达(SDPC),V5110-06 (24V),个,28.80,50.40,,,,,,
1957291547703689221,气动电磁阀,气动元件 > 气动电磁阀,盛达(SDPC),VF310 (24V),个,42.75,74.81,,,,,,
1957291547707883526,气动电磁阀,气动元件 > 气动电磁阀,盛达(SDPC),VF5120 (24V),个,52.65,92.14,,,,,,
1957294266086637570,气动电磁阀(其他),气动元件 > 气动电磁阀,,4V210-08,个,,45.00,,,,,,缺成本价
1957322935886725121,气动电磁阀(其他),气动元件 > 气动电磁阀,,4V330E-08 (220V),个,,,,,,,,缺成本价+缺售价
1996513673484517378,汇流板,气动元件 > 气动电磁阀,,210-2F,个,4.00,,,,,,,缺售价
1976863689961119747,汇流板,气动元件 > 气动电磁阀,,310-3F,个,,,,,,,,缺成本价+缺售价
2082349699183951877,电磁换向阀,气动元件 > 气动电磁阀,,DBN10A-A-50/31.5G24N25C,,,,,,,,,缺成本价+缺售价
2082349699183951876,电磁换向阀,气动元件 > 气动电磁阀,,DSHG-04-3C2-T,,,,,,,,,缺成本价+缺售价
2082349699183951875,电磁换向阀,气动元件 > 气动电磁阀,,DSHG-06-3C2-T,,,,,,,,,缺成本价+缺售价
2082349144894095363,手动换向阀,气动元件 > 气动控制阀,,34BM-B10H-T,,,,,,,,,缺成本价+缺售价
2082349144894095365,手动换向阀,气动元件 > 气动控制阀,,34BO-B10H-T,,,,,,,,,缺成本价+缺售价
2082349144894095362,手动换向阀,气动元件 > 气动控制阀,,34SM-L10H-T,,,,,,,,,缺成本价+缺售价
2082349144894095364,手动换向阀,气动元件 > 气动控制阀,,34SO-H10B-T,,,,,,,,,缺成本价+缺售价
1962780841524326401,气动手动阀,气动元件 > 气动控制阀,MODEL,HV400-04,个,,,,,,,,缺成本价+缺售价
1957290662726516737,气动手动阀,气动元件 > 气动控制阀,卓良(zholo),4V210-08,个,,,,,,,,缺成本价+缺售价
1950137076280238081,气动手动阀,气动元件 > 气动控制阀,卓良(zholo),HV-03,个,,,,,,,,缺成本价+缺售价
1950137076276043777,气动手动阀,气动元件 > 气动控制阀,卓良(zholo),HV-04,个,,,,,,,,缺成本价+缺售价
1962780557741912066,气动手动阀,气动元件 > 气动控制阀,卓良(zholo),K34R6-8,个,,,,,,,,缺成本价+缺售价
1950137076280238082,气动手动阀,气动元件 > 气动控制阀,卓良(zholo),K34R6-8D,个,,,,,,,,缺成本价+缺售价
1950136772524548097,气动手动阀,气动元件 > 气动控制阀,山耐斯,SH-402,个,,,,,,,,缺成本价+缺售价
1950136772524548098,气动手动阀,气动元件 > 气动控制阀,山耐斯,SH-402A,个,,,,,,,,缺成本价+缺售价
1957290402675474434,气动手动阀,气动元件 > 气动控制阀,盛达(SDPC),4V210-08,个,,,,,,,,缺成本价+缺售价
1950137211743674371,气动手动阀,气动元件 > 气动控制阀,盛达(SDPC),HV330-08,个,,,,,,,,缺成本价+缺售价
1950137211743674369,气动手动阀,气动元件 > 气动控制阀,盛达(SDPC),HV330-10,个,,,,,,,,缺成本价+缺售价
1950137211743674370,气动手动阀,气动元件 > 气动控制阀,盛达(SDPC),HV330-15,个,,,,,,,,缺成本价+缺售价
1950137352127029252,气动手动阀（亚得）,气动元件 > 气动控制阀,亚德,4HV330-08,个,,,,,,,,缺成本价+缺售价
1950137352127029251,气动手动阀（亚得）,气动元件 > 气动控制阀,亚德,HV400-04,个,,,,,,,,缺成本价+缺售价
1992810813517283329,脚踏阀,气动元件 > 气动控制阀,亚德客(AirTac),FV320,个,17.00,29.75,,,,,,
1950137496805351425,脚踏阀,气动元件 > 气动控制阀,山耐斯,ST-402,个,,,,,,,,缺成本价+缺售价
1958493579307401218,脚踏阀,气动元件 > 气动控制阀,盛达(SDPC),4F210-08L,个,,,,,,,,缺成本价+缺售价
1958493702217285634,脚踏阀（HuaJin）,气动元件 > 气动控制阀,,4F210-08,个,,,,,,,,缺成本价+缺售价
1962781170500366337,C式接头,气动元件 > 气动接头,JCP,SPPD-10,盒,,,,,,,,缺成本价+缺售价
1962781644788068354,C式接头,气动元件 > 气动接头,TRM,PP-10,盒,,,,,,,,缺成本价+缺售价
1962781827244486657,C式接头,气动元件 > 气动接头,新禾,SHPH-20,盒,,,,,,,,缺成本价+缺售价
1962779204634275846,C式接头,气动元件 > 气动接头,明铁,PP-10,盒,,,,,,,,缺成本价+缺售价
1962779204634275845,C式接头,气动元件 > 气动接头,明铁,SH-20,盒,,,,,,,,缺成本价+缺售价
1962779204634275841,C式接头,气动元件 > 气动接头,明铁,SHPH-10,盒,,,,,,,,缺成本价+缺售价
1962779204634275842,C式接头,气动元件 > 气动接头,明铁,SHPH-20,盒,,,,,,,,缺成本价+缺售价
1962779204634275843,C式接头,气动元件 > 气动接头,明铁,SHPH-30,盒,,,,,,,,缺成本价+缺售价
1962779204634275844,C式接头,气动元件 > 气动接头,明铁,SHPH-40,盒,,,,,,,,缺成本价+缺售价
1962779204638470145,C式接头,气动元件 > 气动接头,明铁,SM-30,盒,,,,,,,,缺成本价+缺售价
1962779204630081537,C式接头,气动元件 > 气动接头,明铁,SP-10,盒,,,,,,,,缺成本价+缺售价
1962782172951605250,C式自锁接头,气动元件 > 气动接头,,SPPP-20,盒,,,,,,,,缺成本价+缺售价
1962782050503094273,C式自锁接头,气动元件 > 气动接头,明铁,SM-30,盒,,,,,,,,缺成本价+缺售价
1946494988749673185,DHVFF手阀,气动元件 > 气动接头,东特,DHVFF04,个,5.30,9.28,,,,,,
1946494988749673186,DHVFF手阀,气动元件 > 气动接头,东特,DHVFF06,个,5.30,9.28,,,,,,
1946494988749673187,DHVFF手阀,气动元件 > 气动接头,东特,DHVFF08,个,5.30,9.28,,,,,,
1946494988749673188,DHVFF手阀,气动元件 > 气动接头,东特,DHVFF10,个,6.89,12.06,,,,,,
1946494988749673189,DHVFF手阀,气动元件 > 气动接头,东特,DHVFF12,个,6.89,12.06,,,,,,
1946494988749673190,DHVFF手阀,气动元件 > 气动接头,东特,DHVFF14,个,10.08,17.64,,,,,,
1946494988749673191,DHVFF手阀,气动元件 > 气动接头,东特,DHVFF16,个,10.08,17.64,,,,,,
1946494988749673006,DPE T型三通,气动元件 > 气动接头,东特,PE-04,个,0.54,0.95,,,,,,
1946494988749673007,DPE T型三通,气动元件 > 气动接头,东特,PE-06,个,0.57,1.00,,,,,,
1946494988749673008,DPE T型三通,气动元件 > 气动接头,东特,PE-08,个,0.71,1.24,,,,,,
1946494988749673009,DPE T型三通,气动元件 > 气动接头,东特,PE-10,个,0.91,1.59,,,,,,
1946494988749673010,DPE T型三通,气动元件 > 气动接头,东特,PE-12,个,1.06,1.86,,,,,,
1946494988749673011,DPE T型三通,气动元件 > 气动接头,东特,PE-14,个,1.64,2.87,,,,,,
1946494988749673012,DPE T型三通,气动元件 > 气动接头,东特,PE-16,个,1.75,3.06,,,,,,
1946494988749673183,DPKB螺纹五通变径,气动元件 > 气动接头,东特,PKB10-6-03,个,4.42,7.74,,,,,,
1946494988749673179,DPKB螺纹五通变径,气动元件 > 气动接头,东特,PKB10-8-03,个,4.42,7.74,,,,,,
1946494988749673180,DPKB螺纹五通变径,气动元件 > 气动接头,东特,PKB12-10-04,个,5.80,10.15,,,,,,
1946494988749673184,DPKB螺纹五通变径,气动元件 > 气动接头,东特,PKB12-8-04,个,5.80,10.15,,,,,,
1946494988749673176,DPKB螺纹五通变径,气动元件 > 气动接头,东特,PKB6-4-01,个,2.50,4.38,,,,,,
1946494988749673181,DPKB螺纹五通变径,气动元件 > 气动接头,东特,PKB8-4-01,个,2.92,5.11,,,,,,
1946494988749673182,DPKB螺纹五通变径,气动元件 > 气动接头,东特,PKB8-4-02,个,3.04,5.32,,,,,,
1946494988749673177,DPKB螺纹五通变径,气动元件 > 气动接头,东特,PKB8-6-01,个,2.92,5.11,,,,,,
1946494988749673178,DPKB螺纹五通变径,气动元件 > 气动接头,东特,PKB8-6-02,个,3.04,5.32,,,,,,
1946494988749673158,DPKD螺纹五通,气动元件 > 气动接头,东特,PKD10-01,个,4.19,7.33,,,,,,
1946494988749673161,DPKD螺纹五通,气动元件 > 气动接头,东特,PKD10-02,个,4.26,7.46,,,,,,
1946494988749673163,DPKD螺纹五通,气动元件 > 气动接头,东特,PKD10-03,个,4.42,7.74,,,,,,
1946494988749673165,DPKD螺纹五通,气动元件 > 气动接头,东特,PKD10-04,个,5.08,8.89,,,,,,
1946494988749673160,DPKD螺纹五通,气动元件 > 气动接头,东特,PKD10-M10,个,4.19,7.33,,,,,,
1946494988749673162,DPKD螺纹五通,气动元件 > 气动接头,东特,PKD10-M12,个,4.26,7.46,,,,,,
1946494988749673164,DPKD螺纹五通,气动元件 > 气动接头,东特,PKD10-M16,个,4.42,7.74,,,,,,
1946494988749673166,DPKD螺纹五通,气动元件 > 气动接头,东特,PKD10-M20,个,5.08,8.89,,,,,,
1946494988749673159,DPKD螺纹五通,气动元件 > 气动接头,东特,PKD10-M8,个,4.19,7.33,,,,,,
1946494988749673167,DPKD螺纹五通,气动元件 > 气动接头,东特,PKD12-01,个,4.81,8.42,,,,,,
1946494988749673170,DPKD螺纹五通,气动元件 > 气动接头,东特,PKD12-02,个,4.90,8.58,,,,,,
1946494988749673172,DPKD螺纹五通,气动元件 > 气动接头,东特,PKD12-03,个,5.10,8.93,,,,,,
1946494988749673174,DPKD螺纹五通,气动元件 > 气动接头,东特,PKD12-04,个,5.80,10.15,,,,,,
1946494988749673169,DPKD螺纹五通,气动元件 > 气动接头,东特,PKD12-M10,个,4.81,8.42,,,,,,
1946494988749673171,DPKD螺纹五通,气动元件 > 气动接头,东特,PKD12-M12,个,4.90,8.58,,,,,,
1946494988749673173,DPKD螺纹五通,气动元件 > 气动接头,东特,PKD12-M16,个,5.10,8.93,,,,,,
1946494988749673175,DPKD螺纹五通,气动元件 > 气动接头,东特,PKD12-M20,个,5.80,10.15,,,,,,
1946494988749673168,DPKD螺纹五通,气动元件 > 气动接头,东特,PKD12-M8,个,4.81,8.42,,,,,,
1946494988749673127,DPKD螺纹五通,气动元件 > 气动接头,东特,PKD4-01,个,2.11,3.69,,,,,,
1946494988749673130,DPKD螺纹五通,气动元件 > 气动接头,东特,PKD4-02,个,2.66,4.66,,,,,,
1946494988749673132,DPKD螺纹五通,气动元件 > 气动接头,东特,PKD4-03,个,3.13,5.48,,,,,,
1946494988749673129,DPKD螺纹五通,气动元件 > 气动接头,东特,PKD4-M10,个,2.11,3.69,,,,,,
1946494988749673131,DPKD螺纹五通,气动元件 > 气动接头,东特,PKD4-M12,个,2.66,4.66,,,,,,
1946494988749673133,DPKD螺纹五通,气动元件 > 气动接头,东特,PKD4-M16,个,3.13,5.48,,,,,,
1946494988749673123,DPKD螺纹五通,气动元件 > 气动接头,东特,PKD4-M3,个,2.12,3.71,,,,,,
1946494988749673124,DPKD螺纹五通,气动元件 > 气动接头,东特,PKD4-M4,个,2.12,3.71,,,,,,
1946494988749673125,DPKD螺纹五通,气动元件 > 气动接头,东特,PKD4-M5,个,2.12,3.71,,,,,,
1946494988749673126,DPKD螺纹五通,气动元件 > 气动接头,东特,PKD4-M6,个,2.12,3.71,,,,,,
1946494988749673128,DPKD螺纹五通,气动元件 > 气动接头,东特,PKD4-M8,个,2.11,3.69,,,,,,
1946494988749673138,DPKD螺纹五通,气动元件 > 气动接头,东特,PKD6-01,个,2.50,4.38,,,,,,
1946494988749673141,DPKD螺纹五通,气动元件 > 气动接头,东特,PKD6-02,个,2.86,5.01,,,,,,
1946494988749673143,DPKD螺纹五通,气动元件 > 气动接头,东特,PKD6-03,个,3.41,5.97,,,,,,
1946494988749673145,DPKD螺纹五通,气动元件 > 气动接头,东特,PKD6-04,个,3.97,6.95,,,,,,
1946494988749673140,DPKD螺纹五通,气动元件 > 气动接头,东特,PKD6-M10,个,2.50,4.38,,,,,,
1946494988749673142,DPKD螺纹五通,气动元件 > 气动接头,东特,PKD6-M12,个,2.86,5.01,,,,,,
1946494988749673144,DPKD螺纹五通,气动元件 > 气动接头,东特,PKD6-M16,个,3.41,5.97,,,,,,
1946494988749673146,DPKD螺纹五通,气动元件 > 气动接头,东特,PKD6-M20,个,3.97,6.95,,,,,,
1946494988749673134,DPKD螺纹五通,气动元件 > 气动接头,东特,PKD6-M3,个,2.54,4.45,,,,,,
1946494988749673135,DPKD螺纹五通,气动元件 > 气动接头,东特,PKD6-M4,个,2.54,4.45,,,,,,
1946494988749673136,DPKD螺纹五通,气动元件 > 气动接头,东特,PKD6-M5,个,2.54,4.45,,,,,,
1946494988749673137,DPKD螺纹五通,气动元件 > 气动接头,东特,PKD6-M6,个,2.54,4.45,,,,,,
1946494988749673139,DPKD螺纹五通,气动元件 > 气动接头,东特,PKD6-M8,个,2.50,4.38,,,,,,
1946494988749673147,DPKD螺纹五通,气动元件 > 气动接头,东特,PKD8-01,个,2.92,5.11,,,,,,
1946494988749673152,DPKD螺纹五通,气动元件 > 气动接头,东特,PKD8-02,个,3.04,5.32,,,,,,
1946494988749673154,DPKD螺纹五通,气动元件 > 气动接头,东特,PKD8-03,个,3.53,6.18,,,,,,
1946494988749673156,DPKD螺纹五通,气动元件 > 气动接头,东特,PKD8-04,个,4.29,7.51,,,,,,
1946494988749673151,DPKD螺纹五通,气动元件 > 气动接头,东特,PKD8-M10,个,2.92,5.11,,,,,,
1946494988749673153,DPKD螺纹五通,气动元件 > 气动接头,东特,PKD8-M12,个,3.04,5.32,,,,,,
1946494988749673155,DPKD螺纹五通,气动元件 > 气动接头,东特,PKD8-M16,个,3.53,6.18,,,,,,
1946494988749673157,DPKD螺纹五通,气动元件 > 气动接头,东特,PKD8-M20,个,4.29,7.51,,,,,,
1946494988749673148,DPKD螺纹五通,气动元件 > 气动接头,东特,PKD8-M5,个,2.92,5.11,,,,,,
1946494988749673149,DPKD螺纹五通,气动元件 > 气动接头,东特,PKD8-M6,个,2.92,5.11,,,,,,
1946494988749673150,DPKD螺纹五通,气动元件 > 气动接头,东特,PKD8-M8,个,2.92,5.11,,,,,,
1946494988749673121,DPKG五通变径,气动元件 > 气动接头,东特,PKG10-6,个,4.10,7.18,,,,,,
1946494988749673118,DPKG五通变径,气动元件 > 气动接头,东特,PKG10-8,个,3.05,5.34,,,,,,
1946494988749673119,DPKG五通变径,气动元件 > 气动接头,东特,PKG12-10,个,3.75,6.56,,,,,,
1946494988749673122,DPKG五通变径,气动元件 > 气动接头,东特,PKG12-8,个,4.56,7.98,,,,,,
1946494988749673116,DPKG五通变径,气动元件 > 气动接头,东特,PKG6-4,个,2.15,3.76,,,,,,
1946494988749673120,DPKG五通变径,气动元件 > 气动接头,东特,PKG8-4,个,3.63,6.35,,,,,,
1946494988749673117,DPKG五通变径,气动元件 > 气动接头,东特,PKG8-6,个,2.35,4.11,,,,,,
1966773823437127681,DPL L型螺纹二通,气动元件 > 气动接头,MYA00,PL04-M5-C,,,,,,,,,缺成本价+缺售价
1966773416170209281,DPL L型螺纹二通,气动元件 > 气动接头,亚一气动（YYC）,PL08-01,,0.79,1.38,,,,,,
1966773416170209282,DPL L型螺纹二通,气动元件 > 气动接头,亚一气动（YYC）,PL08-03,,1.12,1.96,,,,,,
1966773635167404033,DPL L型螺纹二通,气动元件 > 气动接头,亚一气动（YYC）,PL10-02,,1.26,2.21,,,,,,
1966771925141274626,DPL L型螺纹二通,气动元件 > 气动接头,山克斯（SUNCOS）,PL04-01,个,0.52,0.91,,,,,,
1966771925145468929,DPL L型螺纹二通,气动元件 > 气动接头,山克斯（SUNCOS）,PL06-03,个,1.10,1.93,,,,,,
1966771925145468930,DPL L型螺纹二通,气动元件 > 气动接头,山克斯（SUNCOS）,PL06-04,个,1.40,2.45,,,,,,
1966771925145468932,DPL L型螺纹二通,气动元件 > 气动接头,山克斯（SUNCOS）,PL08-01,个,0.79,1.38,,,,,,
1966771925145468933,DPL L型螺纹二通,气动元件 > 气动接头,山克斯（SUNCOS）,PL08-03,个,1.12,1.96,,,,,,
1966771925145468931,DPL L型螺纹二通,气动元件 > 气动接头,山克斯（SUNCOS）,PL08-M5,个,0.79,1.38,,,,,,
1966771925145468934,DPL L型螺纹二通,气动元件 > 气动接头,山克斯（SUNCOS）,PL10-04,个,1.67,2.92,,,,,,
1966771925145468935,DPL L型螺纹二通,气动元件 > 气动接头,山克斯（SUNCOS）,PL12-01,个,1.56,2.73,,,,,,
1966771925145468936,DPL L型螺纹二通,气动元件 > 气动接头,山克斯（SUNCOS）,PL12-02,个,1.56,2.73,,,,,,
1966773001194160129,DPL L型螺纹二通,气动元件 > 气动接头,气动之星（CYKL）,PL06-01,个,0.70,1.23,,,,,,
1966773001194160130,DPL L型螺纹二通,气动元件 > 气动接头,气动之星（CYKL）,PL08-01,个,0.79,1.38,,,,,,
1946494988749672727,DPLL L型加长螺纹二通,气动元件 > 气动接头,山克斯（SUNCOS）,PLL10-01,个,3.12,5.46,,,,,,
1946494988749672730,DPLL L型加长螺纹二通,气动元件 > 气动接头,山克斯（SUNCOS）,PLL10-02,个,3.25,5.69,,,,,,
1946494988749672732,DPLL L型加长螺纹二通,气动元件 > 气动接头,山克斯（SUNCOS）,PLL10-03,个,3.20,5.60,,,,,,
1946494988749672734,DPLL L型加长螺纹二通,气动元件 > 气动接头,山克斯（SUNCOS）,PLL10-04,个,4.38,7.67,,,,,,
1946494988749672986,DPLL L型加长螺纹二通,气动元件 > 气动接头,山克斯（SUNCOS）,PLL10-M10,个,3.12,5.46,,,,,,
1946494988749672987,DPLL L型加长螺纹二通,气动元件 > 气动接头,山克斯（SUNCOS）,PLL10-M12,个,3.25,5.69,,,,,,
1946494988749672988,DPLL L型加长螺纹二通,气动元件 > 气动接头,山克斯（SUNCOS）,PLL10-M16,个,3.20,5.60,,,,,,
1946494988749672989,DPLL L型加长螺纹二通,气动元件 > 气动接头,山克斯（SUNCOS）,PLL10-M20,个,4.38,7.67,,,,,,
1946494988749672985,DPLL L型加长螺纹二通,气动元件 > 气动接头,山克斯（SUNCOS）,PLL10-M8,个,3.12,5.46,,,,,,
1946494988749672736,DPLL L型加长螺纹二通,气动元件 > 气动接头,山克斯（SUNCOS）,PLL12-01,个,5.36,9.38,,,,,,
1946494988749672739,DPLL L型加长螺纹二通,气动元件 > 气动接头,山克斯（SUNCOS）,PLL12-02,个,5.36,9.38,,,,,,
1946494988749672741,DPLL L型加长螺纹二通,气动元件 > 气动接头,山克斯（SUNCOS）,PLL12-03,个,4.52,7.91,,,,,,
1946494988749672743,DPLL L型加长螺纹二通,气动元件 > 气动接头,山克斯（SUNCOS）,PLL12-04,个,4.57,8.00,,,,,,
1946494988749672991,DPLL L型加长螺纹二通,气动元件 > 气动接头,山克斯（SUNCOS）,PLL12-M10,个,5.36,9.38,,,,,,
1946494988749672992,DPLL L型加长螺纹二通,气动元件 > 气动接头,山克斯（SUNCOS）,PLL12-M12,个,5.36,9.38,,,,,,
1946494988749672993,DPLL L型加长螺纹二通,气动元件 > 气动接头,山克斯（SUNCOS）,PLL12-M16,个,4.52,7.91,,,,,,
1946494988749672994,DPLL L型加长螺纹二通,气动元件 > 气动接头,山克斯（SUNCOS）,PLL12-M20,个,4.57,8.00,,,,,,
1946494988749672990,DPLL L型加长螺纹二通,气动元件 > 气动接头,山克斯（SUNCOS）,PLL12-M8,个,5.36,9.38,,,,,,
1946494988749672745,DPLL L型加长螺纹二通,气动元件 > 气动接头,山克斯（SUNCOS）,PLL14-02,个,3.68,6.44,,,,,,
1946494988749672746,DPLL L型加长螺纹二通,气动元件 > 气动接头,山克斯（SUNCOS）,PLL14-03,个,3.74,6.55,,,,,,
1946494988749672747,DPLL L型加长螺纹二通,气动元件 > 气动接头,山克斯（SUNCOS）,PLL14-04,个,3.97,6.95,,,,,,
1946494988749672995,DPLL L型加长螺纹二通,气动元件 > 气动接头,山克斯（SUNCOS）,PLL14-M20,个,3.97,6.95,,,,,,
1946494988749672749,DPLL L型加长螺纹二通,气动元件 > 气动接头,山克斯（SUNCOS）,PLL16-02,个,6.62,11.59,,,,,,
1946494988749672750,DPLL L型加长螺纹二通,气动元件 > 气动接头,山克斯（SUNCOS）,PLL16-03,个,6.20,10.85,,,,,,
1946494988749672752,DPLL L型加长螺纹二通,气动元件 > 气动接头,山克斯（SUNCOS）,PLL16-04,个,7.07,12.37,,,,,,
1946494988749672754,DPLL L型加长螺纹二通,气动元件 > 气动接头,山克斯（SUNCOS）,PLL16-06,个,8.16,14.28,,,,,,
1946494988749672996,DPLL L型加长螺纹二通,气动元件 > 气动接头,山克斯（SUNCOS）,PLL16-M16,个,6.20,10.85,,,,,,
1946494988749672997,DPLL L型加长螺纹二通,气动元件 > 气动接头,山克斯（SUNCOS）,PLL16-M20,个,7.07,12.37,,,,,,
1946494988749672998,DPLL L型加长螺纹二通,气动元件 > 气动接头,山克斯（SUNCOS）,PLL16-M27,个,8.16,14.28,,,,,,
1946494988749672964,DPLL L型加长螺纹二通,气动元件 > 气动接头,山克斯（SUNCOS）,PLL4-01,个,1.36,2.38,,,,,,
1946494988749672967,DPLL L型加长螺纹二通,气动元件 > 气动接头,山克斯（SUNCOS）,PLL4-02,个,1.73,3.03,,,,,,
1946494988749672701,DPLL L型加长螺纹二通,气动元件 > 气动接头,山克斯（SUNCOS）,PLL4-03,个,2.50,4.38,,,,,,
1946494988749672966,DPLL L型加长螺纹二通,气动元件 > 气动接头,山克斯（SUNCOS）,PLL4-M10,个,1.36,2.38,,,,,,
1946494988749672968,DPLL L型加长螺纹二通,气动元件 > 气动接头,山克斯（SUNCOS）,PLL4-M12,个,1.73,3.03,,,,,,
1946494988749672969,DPLL L型加长螺纹二通,气动元件 > 气动接头,山克斯（SUNCOS）,PLL4-M16,个,2.50,4.38,,,,,,
1946494988749672960,DPLL L型加长螺纹二通,气动元件 > 气动接头,山克斯（SUNCOS）,PLL4-M3,个,1.36,2.38,,,,,,
1946494988749672961,DPLL L型加长螺纹二通,气动元件 > 气动接头,山克斯（SUNCOS）,PLL4-M4,个,1.36,2.38,,,,,,
1946494988749672962,DPLL L型加长螺纹二通,气动元件 > 气动接头,山克斯（SUNCOS）,PLL4-M5,个,1.36,2.38,,,,,,
1946494988749672963,DPLL L型加长螺纹二通,气动元件 > 气动接头,山克斯（SUNCOS）,PLL4-M6,个,1.36,2.38,,,,,,
1946494988749672965,DPLL L型加长螺纹二通,气动元件 > 气动接头,山克斯（SUNCOS）,PLL4-M8,个,1.36,2.38,,,,,,
1946494988749672707,DPLL L型加长螺纹二通,气动元件 > 气动接头,山克斯（SUNCOS）,PLL6-01,个,1.70,2.98,,,,,,
1946494988749672710,DPLL L型加长螺纹二通,气动元件 > 气动接头,山克斯（SUNCOS）,PLL6-02,个,1.90,3.33,,,,,,
1946494988749672712,DPLL L型加长螺纹二通,气动元件 > 气动接头,山克斯（SUNCOS）,PLL6-03,个,2.60,4.55,,,,,,
1946494988749672714,DPLL L型加长螺纹二通,气动元件 > 气动接头,山克斯（SUNCOS）,PLL6-04,个,3.79,6.63,,,,,,
1946494988749672974,DPLL L型加长螺纹二通,气动元件 > 气动接头,山克斯（SUNCOS）,PLL6-M10,个,1.70,2.98,,,,,,
1946494988749672975,DPLL L型加长螺纹二通,气动元件 > 气动接头,山克斯（SUNCOS）,PLL6-M12,个,1.90,3.33,,,,,,
1946494988749672976,DPLL L型加长螺纹二通,气动元件 > 气动接头,山克斯（SUNCOS）,PLL6-M16,个,2.60,4.55,,,,,,
1946494988749672977,DPLL L型加长螺纹二通,气动元件 > 气动接头,山克斯（SUNCOS）,PLL6-M20,个,3.79,6.63,,,,,,
1946494988749672703,DPLL L型加长螺纹二通,气动元件 > 气动接头,山克斯（SUNCOS）,PLL6-M3,个,1.63,2.85,,,,,,
1946494988749672970,DPLL L型加长螺纹二通,气动元件 > 气动接头,山克斯（SUNCOS）,PLL6-M4,个,1.63,2.85,,,,,,
1946494988749672971,DPLL L型加长螺纹二通,气动元件 > 气动接头,山克斯（SUNCOS）,PLL6-M5,个,1.63,2.85,,,,,,
1946494988749672972,DPLL L型加长螺纹二通,气动元件 > 气动接头,山克斯（SUNCOS）,PLL6-M6,个,1.63,2.85,,,,,,
1946494988749672973,DPLL L型加长螺纹二通,气动元件 > 气动接头,山克斯（SUNCOS）,PLL6-M8,个,1.70,2.98,,,,,,
1946494988749672716,DPLL L型加长螺纹二通,气动元件 > 气动接头,山克斯（SUNCOS）,PLL8-01,个,2.15,3.76,,,,,,
1946494988749672721,DPLL L型加长螺纹二通,气动元件 > 气动接头,山克斯（SUNCOS）,PLL8-02,个,2.15,3.76,,,,,,
1946494988749672723,DPLL L型加长螺纹二通,气动元件 > 气动接头,山克斯（SUNCOS）,PLL8-03,个,2.60,4.55,,,,,,
1946494988749672725,DPLL L型加长螺纹二通,气动元件 > 气动接头,山克斯（SUNCOS）,PLL8-04,个,3.94,6.90,,,,,,
1946494988749672981,DPLL L型加长螺纹二通,气动元件 > 气动接头,山克斯（SUNCOS）,PLL8-M10,个,2.15,3.76,,,,,,
1946494988749672982,DPLL L型加长螺纹二通,气动元件 > 气动接头,山克斯（SUNCOS）,PLL8-M12,个,2.15,3.76,,,,,,
1946494988749672983,DPLL L型加长螺纹二通,气动元件 > 气动接头,山克斯（SUNCOS）,PLL8-M16,个,2.60,4.55,,,,,,
1946494988749672984,DPLL L型加长螺纹二通,气动元件 > 气动接头,山克斯（SUNCOS）,PLL8-M20,个,3.94,6.90,,,,,,
1946494988749672978,DPLL L型加长螺纹二通,气动元件 > 气动接头,山克斯（SUNCOS）,PLL8-M5,个,2.15,3.76,,,,,,
1946494988749672979,DPLL L型加长螺纹二通,气动元件 > 气动接头,山克斯（SUNCOS）,PLL8-M6,个,2.15,3.76,,,,,,
1946494988749672980,DPLL L型加长螺纹二通,气动元件 > 气动接头,山克斯（SUNCOS）,PLL8-M8,个,2.15,3.76,,,,,,
1946494988749672766,DPU直通,气动元件 > 气动接头,东特,PU10,个,0.59,1.03,,,,,,
1946494988749672767,DPU直通,气动元件 > 气动接头,东特,PU12,个,0.68,1.19,,,,,,
1946494988749672768,DPU直通,气动元件 > 气动接头,东特,PU14,个,1.09,1.91,,,,,,
1946494988749672769,DPU直通,气动元件 > 气动接头,东特,PU16,个,1.17,2.05,,,,,,
1946494988749672763,DPU直通,气动元件 > 气动接头,东特,PU4,个,0.37,0.65,,,,,,
1946494988749672764,DPU直通,气动元件 > 气动接头,东特,PU6,个,0.39,0.68,,,,,,
1946494988749672765,DPU直通,气动元件 > 气动接头,东特,PU8,个,0.41,0.72,,,,,,
1946494988749673031,DPW Y型变径,气动元件 > 气动接头,东特,PW06-04,个,0.61,1.07,,,,,,
1946494988749673035,DPW Y型变径,气动元件 > 气动接头,东特,PW08-04,个,0.67,1.17,,,,,,
1946494988749673032,DPW Y型变径,气动元件 > 气动接头,东特,PW08-06,个,0.69,1.21,,,,,,
1946494988749673036,DPW Y型变径,气动元件 > 气动接头,东特,PW10-06,个,0.79,1.38,,,,,,
1946494988749673033,DPW Y型变径,气动元件 > 气动接头,东特,PW10-08,个,0.83,1.45,,,,,,
1946494988749673037,DPW Y型变径,气动元件 > 气动接头,东特,PW12-08,个,0.89,1.56,,,,,,
1946494988749673034,DPW Y型变径,气动元件 > 气动接头,东特,PW12-10,个,1.02,1.79,,,,,,
1946494988749673038,DPW Y型变径,气动元件 > 气动接头,东特,PW14-10,个,1.70,2.98,,,,,,
1946494988749673039,DPW Y型变径,气动元件 > 气动接头,东特,PW14-12,个,1.80,3.15,,,,,,
1946494988749673040,DPW Y型变径,气动元件 > 气动接头,东特,PW16-12,个,1.87,3.27,,,,,,
1946494988749673041,DPW Y型变径,气动元件 > 气动接头,东特,PW16-14,个,2.15,3.76,,,,,,
1970313131729092610,DPW Y型变径,气动元件 > 气动接头,山克斯（SUNCOS）,PW10-08,,0.83,1.45,,,,,,
1946494988749673046,DPX Y型三通带螺纹,气动元件 > 气动接头,山克斯（SUNCOS）,PX04-01,个,0.81,1.42,,,,,,
1946494988749673049,DPX Y型三通带螺纹,气动元件 > 气动接头,山克斯（SUNCOS）,PX04-02,个,1.15,2.01,,,,,,
1946494988749673051,DPX Y型三通带螺纹,气动元件 > 气动接头,山克斯（SUNCOS）,PX04-03,个,1.43,2.50,,,,,,
1946494988749673057,DPX Y型三通带螺纹,气动元件 > 气动接头,山克斯（SUNCOS）,PX06-01,个,0.88,1.54,,,,,,
1946494988749673060,DPX Y型三通带螺纹,气动元件 > 气动接头,山克斯（SUNCOS）,PX06-02,个,1.06,1.86,,,,,,
1946494988749673062,DPX Y型三通带螺纹,气动元件 > 气动接头,山克斯（SUNCOS）,PX06-03,个,1.31,2.29,,,,,,
1946494988749673064,DPX Y型三通带螺纹,气动元件 > 气动接头,山克斯（SUNCOS）,PX06-04,个,1.61,2.82,,,,,,
1946494988749673066,DPX Y型三通带螺纹,气动元件 > 气动接头,山克斯（SUNCOS）,PX08-01,个,1.02,1.79,,,,,,
1946494988749673071,DPX Y型三通带螺纹,气动元件 > 气动接头,山克斯（SUNCOS）,PX08-02,个,1.09,1.91,,,,,,
1946494988749673073,DPX Y型三通带螺纹,气动元件 > 气动接头,山克斯（SUNCOS）,PX08-03,个,1.34,2.35,,,,,,
1946494988749673075,DPX Y型三通带螺纹,气动元件 > 气动接头,山克斯（SUNCOS）,PX08-04,个,1.72,3.01,,,,,,
1946494988749673077,DPX Y型三通带螺纹,气动元件 > 气动接头,山克斯（SUNCOS）,PX10-01,个,1.48,2.59,,,,,,
1946494988749673080,DPX Y型三通带螺纹,气动元件 > 气动接头,山克斯（SUNCOS）,PX10-02,个,1.59,2.78,,,,,,
1946494988749673082,DPX Y型三通带螺纹,气动元件 > 气动接头,山克斯（SUNCOS）,PX10-03,个,1.59,2.78,,,,,,
1946494988749673084,DPX Y型三通带螺纹,气动元件 > 气动接头,山克斯（SUNCOS）,PX10-04,个,1.97,3.45,,,,,,
1946494988749673079,DPX Y型三通带螺纹,气动元件 > 气动接头,山克斯（SUNCOS）,PX10-M10,个,1.48,2.59,,,,,,
1946494988749673081,DPX Y型三通带螺纹,气动元件 > 气动接头,山克斯（SUNCOS）,PX10-M12,个,1.59,2.78,,,,,,
1946494988749673083,DPX Y型三通带螺纹,气动元件 > 气动接头,山克斯（SUNCOS）,PX10-M16,个,1.59,2.78,,,,,,
1946494988749673085,DPX Y型三通带螺纹,气动元件 > 气动接头,山克斯（SUNCOS）,PX10-M20,个,1.97,3.45,,,,,,
1946494988749673078,DPX Y型三通带螺纹,气动元件 > 气动接头,山克斯（SUNCOS）,PX10-M8,个,1.48,2.59,,,,,,
1946494988749673086,DPX Y型三通带螺纹,气动元件 > 气动接头,山克斯（SUNCOS）,PX12-01,个,2.05,3.59,,,,,,
1946494988749673089,DPX Y型三通带螺纹,气动元件 > 气动接头,山克斯（SUNCOS）,PX12-02,个,2.05,3.59,,,,,,
1946494988749673091,DPX Y型三通带螺纹,气动元件 > 气动接头,山克斯（SUNCOS）,PX12-03,个,2.11,3.69,,,,,,
1946494988749673093,DPX Y型三通带螺纹,气动元件 > 气动接头,山克斯（SUNCOS）,PX12-04,个,2.15,3.76,,,,,,
1946494988749673088,DPX Y型三通带螺纹,气动元件 > 气动接头,山克斯（SUNCOS）,PX12-M10,个,2.05,3.59,,,,,,
1946494988749673090,DPX Y型三通带螺纹,气动元件 > 气动接头,山克斯（SUNCOS）,PX12-M12,个,2.05,3.59,,,,,,
1946494988749673092,DPX Y型三通带螺纹,气动元件 > 气动接头,山克斯（SUNCOS）,PX12-M16,个,2.11,3.69,,,,,,
1946494988749673094,DPX Y型三通带螺纹,气动元件 > 气动接头,山克斯（SUNCOS）,PX12-M20,个,2.15,3.76,,,,,,
1946494988749673087,DPX Y型三通带螺纹,气动元件 > 气动接头,山克斯（SUNCOS）,PX12-M8,个,2.05,3.59,,,,,,
1946494988749673095,DPX Y型三通带螺纹,气动元件 > 气动接头,山克斯（SUNCOS）,PX14-02,个,3.25,5.69,,,,,,
1946494988749673096,DPX Y型三通带螺纹,气动元件 > 气动接头,山克斯（SUNCOS）,PX14-03,个,3.25,5.69,,,,,,
1946494988749673097,DPX Y型三通带螺纹,气动元件 > 气动接头,山克斯（SUNCOS）,PX14-04,个,3.88,6.79,,,,,,
1946494988749673098,DPX Y型三通带螺纹,气动元件 > 气动接头,山克斯（SUNCOS）,PX14-M20,个,3.88,6.79,,,,,,
1946494988749673099,DPX Y型三通带螺纹,气动元件 > 气动接头,山克斯（SUNCOS）,PX16-02,个,3.37,5.90,,,,,,
1946494988749673100,DPX Y型三通带螺纹,气动元件 > 气动接头,山克斯（SUNCOS）,PX16-03,个,3.41,5.97,,,,,,
1946494988749673102,DPX Y型三通带螺纹,气动元件 > 气动接头,山克斯（SUNCOS）,PX16-04,个,3.86,6.76,,,,,,
1946494988749673104,DPX Y型三通带螺纹,气动元件 > 气动接头,山克斯（SUNCOS）,PX16-06,个,5.14,9.00,,,,,,
1946494988749673101,DPX Y型三通带螺纹,气动元件 > 气动接头,山克斯（SUNCOS）,PX16-M16,个,3.41,5.97,,,,,,
1946494988749673103,DPX Y型三通带螺纹,气动元件 > 气动接头,山克斯（SUNCOS）,PX16-M20,个,3.86,6.76,,,,,,
1946494988749673105,DPX Y型三通带螺纹,气动元件 > 气动接头,山克斯（SUNCOS）,PX16-M27,个,5.14,9.00,,,,,,
1946494988749673048,DPX Y型三通带螺纹,气动元件 > 气动接头,山克斯（SUNCOS）,PX4-M10,个,0.81,1.42,,,,,,
1946494988749673050,DPX Y型三通带螺纹,气动元件 > 气动接头,山克斯（SUNCOS）,PX4-M12,个,1.15,2.01,,,,,,
1946494988749673052,DPX Y型三通带螺纹,气动元件 > 气动接头,山克斯（SUNCOS）,PX4-M16,个,1.43,2.50,,,,,,
1946494988749673042,DPX Y型三通带螺纹,气动元件 > 气动接头,山克斯（SUNCOS）,PX4-M3,个,0.82,1.44,,,,,,
1946494988749673043,DPX Y型三通带螺纹,气动元件 > 气动接头,山克斯（SUNCOS）,PX4-M4,个,0.82,1.44,,,,,,
1946494988749673044,DPX Y型三通带螺纹,气动元件 > 气动接头,山克斯（SUNCOS）,PX4-M5,个,0.82,1.44,,,,,,
1946494988749673045,DPX Y型三通带螺纹,气动元件 > 气动接头,山克斯（SUNCOS）,PX4-M6,个,0.82,1.44,,,,,,
1946494988749673047,DPX Y型三通带螺纹,气动元件 > 气动接头,山克斯（SUNCOS）,PX4-M8,个,0.81,1.42,,,,,,
1946494988749673059,DPX Y型三通带螺纹,气动元件 > 气动接头,山克斯（SUNCOS）,PX6-M10,个,0.88,1.54,,,,,,
1946494988749673061,DPX Y型三通带螺纹,气动元件 > 气动接头,山克斯（SUNCOS）,PX6-M12,个,1.06,1.86,,,,,,
1946494988749673063,DPX Y型三通带螺纹,气动元件 > 气动接头,山克斯（SUNCOS）,PX6-M16,个,1.31,2.29,,,,,,
1946494988749673065,DPX Y型三通带螺纹,气动元件 > 气动接头,山克斯（SUNCOS）,PX6-M20,个,1.61,2.82,,,,,,
1946494988749673053,DPX Y型三通带螺纹,气动元件 > 气动接头,山克斯（SUNCOS）,PX6-M3,个,0.85,1.49,,,,,,
1946494988749673054,DPX Y型三通带螺纹,气动元件 > 气动接头,山克斯（SUNCOS）,PX6-M4,个,0.85,1.49,,,,,,
1946494988749673055,DPX Y型三通带螺纹,气动元件 > 气动接头,山克斯（SUNCOS）,PX6-M5,个,0.85,1.49,,,,,,
1946494988749673056,DPX Y型三通带螺纹,气动元件 > 气动接头,山克斯（SUNCOS）,PX6-M6,个,0.85,1.49,,,,,,
1946494988749673058,DPX Y型三通带螺纹,气动元件 > 气动接头,山克斯（SUNCOS）,PX6-M8,个,0.88,1.54,,,,,,
1946494988749673070,DPX Y型三通带螺纹,气动元件 > 气动接头,山克斯（SUNCOS）,PX8-M10,个,1.02,1.79,,,,,,
1946494988749673072,DPX Y型三通带螺纹,气动元件 > 气动接头,山克斯（SUNCOS）,PX8-M12,个,1.09,1.91,,,,,,
1946494988749673074,DPX Y型三通带螺纹,气动元件 > 气动接头,山克斯（SUNCOS）,PX8-M16,个,1.34,2.35,,,,,,
1946494988749673076,DPX Y型三通带螺纹,气动元件 > 气动接头,山克斯（SUNCOS）,PX8-M20,个,1.72,3.01,,,,,,
1946494988749673067,DPX Y型三通带螺纹,气动元件 > 气动接头,山克斯（SUNCOS）,PX8-M5,个,1.02,1.79,,,,,,
1946494988749673068,DPX Y型三通带螺纹,气动元件 > 气动接头,山克斯（SUNCOS）,PX8-M6,个,1.02,1.79,,,,,,
1946494988749673069,DPX Y型三通带螺纹,气动元件 > 气动接头,山克斯（SUNCOS）,PX8-M8,个,1.02,1.79,,,,,,
1946494988749673106,DPZA十字四通,气动元件 > 气动接头,东特,PZA-04,个,0.82,1.44,,,,,,
1946494988749673107,DPZA十字四通,气动元件 > 气动接头,东特,PZA-06,个,0.85,1.49,,,,,,
1946494988749673108,DPZA十字四通,气动元件 > 气动接头,东特,PZA-08,个,0.97,1.70,,,,,,
1946494988749673109,DPZA十字四通,气动元件 > 气动接头,东特,PZA-10,个,1.23,2.15,,,,,,
1946494988749673110,DPZA十字四通,气动元件 > 气动接头,东特,PZA-12,个,1.43,2.50,,,,,,
1970828506975698945,DSA管道阀,气动元件 > 气动接头,东特,DSA04,个,2.00,3.51,,,,,,
1970828506975698946,DSA管道阀,气动元件 > 气动接头,东特,DSA06,个,2.29,4.00,,,,,,
1970828506979893250,DSA管道阀,气动元件 > 气动接头,东特,DSA08,个,2.68,4.68,,,,,,
1970828506979893251,DSA管道阀,气动元件 > 气动接头,东特,DSA12,个,4.84,8.47,,,,,,
1970828628857978882,DSA管道阀,气动元件 > 气动接头,山克斯（SUNCOS）,DSA10,,4.65,8.14,,,,,,
1947119475413258241,EPE三通T型,气动元件 > 气动接头,亿日,PE-12,个,2.75,7.00,,,,,,
1968608801833713665,PB螺纹T型上面螺丝,气动元件 > 气动接头,山克斯（SUNCOS）,PB04-01,个,0.79,1.38,,,,,,
1968608801837907969,PB螺纹T型上面螺丝,气动元件 > 气动接头,山克斯（SUNCOS）,PB04-02,个,0.98,1.72,,,,,,
1968608801837907970,PB螺纹T型上面螺丝,气动元件 > 气动接头,山克斯（SUNCOS）,PB06-02,个,1.04,1.82,,,,,,
1968608801837907972,PB螺纹T型上面螺丝,气动元件 > 气动接头,山克斯（SUNCOS）,PB08-01,个,1.10,1.93,,,,,,
1968608801837907971,PB螺纹T型上面螺丝,气动元件 > 气动接头,山克斯（SUNCOS）,PB08-02,个,1.10,1.93,,,,,,
1968609271885168642,PB螺纹T型上面螺纹,气动元件 > 气动接头,三正气动,PB04-03,,1.21,2.12,,,,,,
1968609271885168641,PB螺纹T型上面螺纹,气动元件 > 气动接头,三正气动,PB06-03,,1.29,2.26,,,,,,
1968609271885168643,PB螺纹T型上面螺纹,气动元件 > 气动接头,三正气动,PB08-03,,1.37,2.40,,,,,,
1968609271885168644,PB螺纹T型上面螺纹,气动元件 > 气动接头,三正气动,PB08-04,,1.73,3.03,,,,,,
1968609271885168645,PB螺纹T型上面螺纹,气动元件 > 气动接头,三正气动,PB10-01,,1.49,2.61,,,,,,
1968609441448296451,PB螺纹T型上面螺纹,气动元件 > 气动接头,东特,PB10-02,个,1.54,2.70,,,,,,
1970418785319911426,PCF内螺纹直通,气动元件 > 气动接头,三正气动,PCF12-04,,,,,,,,,缺成本价+缺售价
1946494988749672541,PCF内螺纹直通,气动元件 > 气动接头,东特,PCF04-01,个,0.64,1.12,,,,,,
1946494988749672542,PCF内螺纹直通,气动元件 > 气动接头,东特,PCF04-02,个,1.09,1.91,,,,,,
1946494988749672543,PCF内螺纹直通,气动元件 > 气动接头,东特,PCF04-03,个,1.61,2.82,,,,,,
1946494988749672539,PCF内螺纹直通,气动元件 > 气动接头,东特,PCF04-M5,个,0.63,1.10,,,,,,
1946494988749672540,PCF内螺纹直通,气动元件 > 气动接头,东特,PCF04-M6,个,0.63,1.10,,,,,,
1946494988749672546,PCF内螺纹直通,气动元件 > 气动接头,东特,PCF06-01,个,0.66,1.16,,,,,,
1946494988749672547,PCF内螺纹直通,气动元件 > 气动接头,东特,PCF06-02,个,1.17,2.05,,,,,,
1946494988749672548,PCF内螺纹直通,气动元件 > 气动接头,东特,PCF06-03,个,1.34,2.35,,,,,,
1946494988749672549,PCF内螺纹直通,气动元件 > 气动接头,东特,PCF06-04,个,2.17,3.80,,,,,,
1946494988749672544,PCF内螺纹直通,气动元件 > 气动接头,东特,PCF06-M5,个,0.68,1.19,,,,,,
1946494988749672545,PCF内螺纹直通,气动元件 > 气动接头,东特,PCF06-M6,个,0.68,1.19,,,,,,
1946494988749672550,PCF内螺纹直通,气动元件 > 气动接头,东特,PCF08-01,个,0.80,1.40,,,,,,
1946494988749672551,PCF内螺纹直通,气动元件 > 气动接头,东特,PCF08-02,个,1.15,2.01,,,,,,
1946494988749672552,PCF内螺纹直通,气动元件 > 气动接头,东特,PCF08-03,个,1.36,2.38,,,,,,
1946494988749672553,PCF内螺纹直通,气动元件 > 气动接头,东特,PCF08-04,个,2.05,3.59,,,,,,
1946494988749672831,PCF内螺纹直通,气动元件 > 气动接头,东特,PCF1/2-02,个,2.27,3.97,,,,,,
1946494988749672832,PCF内螺纹直通,气动元件 > 气动接头,东特,PCF1/2-03,个,2.27,3.97,,,,,,
1946494988749672833,PCF内螺纹直通,气动元件 > 气动接头,东特,PCF1/2-04,个,2.27,3.97,,,,,,
1946494988749672554,PCF内螺纹直通,气动元件 > 气动接头,东特,PCF10-01,个,1.42,2.49,,,,,,
1946494988749672555,PCF内螺纹直通,气动元件 > 气动接头,东特,PCF10-02,个,1.36,2.38,,,,,,
1946494988749672556,PCF内螺纹直通,气动元件 > 气动接头,东特,PCF10-03,个,1.48,2.59,,,,,,
1946494988749672557,PCF内螺纹直通,气动元件 > 气动接头,东特,PCF10-04,个,2.27,3.97,,,,,,
1946494988749672827,PCF内螺纹直通,气动元件 > 气动接头,东特,PCF3/8-01,个,2.27,3.97,,,,,,
1946494988749672828,PCF内螺纹直通,气动元件 > 气动接头,东特,PCF3/8-02,个,2.27,3.97,,,,,,
1946494988749672829,PCF内螺纹直通,气动元件 > 气动接头,东特,PCF3/8-03,个,2.27,3.97,,,,,,
1946494988749672830,PCF内螺纹直通,气动元件 > 气动接头,东特,PCF3/8-04,个,2.27,3.97,,,,,,
1970418590494490629,PCF内螺纹直通,气动元件 > 气动接头,山克斯（SUNCOS）,PCF10-03,,1.48,2.59,,,,,,
1970418590494490630,PCF内螺纹直通,气动元件 > 气动接头,山克斯（SUNCOS）,PCF12-02,,,,,,,,,缺成本价+缺售价
1970418590490296322,PCF内螺纹直通,气动元件 > 气动接头,山克斯（SUNCOS）,PCF6-02,,1.17,2.05,,,,,,
1970418590490296323,PCF内螺纹直通,气动元件 > 气动接头,山克斯（SUNCOS）,PCF6-03,,1.34,2.35,,,,,,
1970418590494490625,PCF内螺纹直通,气动元件 > 气动接头,山克斯（SUNCOS）,PCF6-04,,2.17,3.80,,,,,,
1970418590494490626,PCF内螺纹直通,气动元件 > 气动接头,山克斯（SUNCOS）,PCF8-02,,1.15,2.01,,,,,,
1970418590494490627,PCF内螺纹直通,气动元件 > 气动接头,山克斯（SUNCOS）,PCF8-03,,1.36,2.38,,,,,,
1970418590494490628,PCF内螺纹直通,气动元件 > 气动接头,山克斯（SUNCOS）,PCF8-04,,2.05,3.59,,,,,,
1966320110587199489,PC螺纹直通,气动元件 > 气动接头,Xing,PC06-02,个,0.64,1.12,,,,,,
1946494988749672469,PC螺纹直通,气动元件 > 气动接头,东特,PC04-01,个,0.45,0.79,,,,,,
1946494988749672470,PC螺纹直通,气动元件 > 气动接头,东特,PC04-02,个,0.80,1.40,,,,,,
1946494988749672471,PC螺纹直通,气动元件 > 气动接头,东特,PC04-03,个,1.06,1.86,,,,,,
1946494988749673258,PC螺纹直通,气动元件 > 气动接头,东特,PC04-M5,个,0.43,0.75,,,,,,
1946494988749673259,PC螺纹直通,气动元件 > 气动接头,东特,PC04-M6,个,0.43,0.75,,,,,,
1946494988749672784,PC螺纹直通,气动元件 > 气动接头,东特,PC05/16-01,个,3.59,6.28,,,,,,
1946494988749672785,PC螺纹直通,气动元件 > 气动接头,东特,PC05/16-02,个,3.59,6.28,,,,,,
1946494988749672786,PC螺纹直通,气动元件 > 气动接头,东特,PC05/16-03,个,3.59,6.28,,,,,,
1946494988749672474,PC螺纹直通,气动元件 > 气动接头,东特,PC06-01,个,0.50,0.88,,,,,,
1946494988749672475,PC螺纹直通,气动元件 > 气动接头,东特,PC06-02,个,0.64,1.12,,,,,,
1946494988749672476,PC螺纹直通,气动元件 > 气动接头,东特,PC06-03,个,1.11,1.94,,,,,,
1946494988749672477,PC螺纹直通,气动元件 > 气动接头,东特,PC06-04,个,1.73,3.03,,,,,,
1946494988749672472,PC螺纹直通,气动元件 > 气动接头,东特,PC06-M5,个,0.60,1.05,,,,,,
1946494988749672473,PC螺纹直通,气动元件 > 气动接头,东特,PC06-M6,个,0.60,1.05,,,,,,
1946494988749672478,PC螺纹直通,气动元件 > 气动接头,东特,PC08-01,个,0.64,1.12,,,,,,
1946494988749672479,PC螺纹直通,气动元件 > 气动接头,东特,PC08-02,个,0.64,1.12,,,,,,
1946494988749672480,PC螺纹直通,气动元件 > 气动接头,东特,PC08-03,个,0.98,1.72,,,,,,
1946494988749672481,PC螺纹直通,气动元件 > 气动接头,东特,PC08-04,个,1.72,3.01,,,,,,
1966320464146055169,PC螺纹直通,气动元件 > 气动接头,东特,PC08-M5,个,0.64,1.12,,,,,,
1946494988749672791,PC螺纹直通,气动元件 > 气动接头,东特,PC1/2-02,个,3.59,6.28,,,,,,
1946494988749672792,PC螺纹直通,气动元件 > 气动接头,东特,PC1/2-03,个,3.59,6.28,,,,,,
1946494988749672793,PC螺纹直通,气动元件 > 气动接头,东特,PC1/2-04,个,3.59,6.28,,,,,,
1946494988749672781,PC螺纹直通,气动元件 > 气动接头,东特,PC1/4-01,个,3.59,6.28,,,,,,
1946494988749672782,PC螺纹直通,气动元件 > 气动接头,东特,PC1/4-02,个,3.59,6.28,,,,,,
1946494988749672783,PC螺纹直通,气动元件 > 气动接头,东特,PC1/4-03,个,3.59,6.28,,,,,,
1946494988749672482,PC螺纹直通,气动元件 > 气动接头,东特,PC10-01,个,0.96,1.68,,,,,,
1946494988749672483,PC螺纹直通,气动元件 > 气动接头,东特,PC10-02,个,0.92,1.61,,,,,,
1946494988749672484,PC螺纹直通,气动元件 > 气动接头,东特,PC10-03,个,0.98,1.72,,,,,,
1946494988749672485,PC螺纹直通,气动元件 > 气动接头,东特,PC10-04,个,1.51,2.64,,,,,,
1946494988749672486,PC螺纹直通,气动元件 > 气动接头,东特,PC12-02,个,1.29,2.26,,,,,,
1946494988749672487,PC螺纹直通,气动元件 > 气动接头,东特,PC12-03,个,1.25,2.19,,,,,,
1946494988749672488,PC螺纹直通,气动元件 > 气动接头,东特,PC12-04,个,1.40,2.45,,,,,,
1946494988749672489,PC螺纹直通,气动元件 > 气动接头,东特,PC16-02,个,2.62,4.59,,,,,,
1946494988749672490,PC螺纹直通,气动元件 > 气动接头,东特,PC16-03,个,2.62,4.59,,,,,,
1946494988749672491,PC螺纹直通,气动元件 > 气动接头,东特,PC16-04,个,2.84,4.97,,,,,,
1946494988749672492,PC螺纹直通,气动元件 > 气动接头,东特,PC16-06,个,3.59,6.28,,,,,,
1946494988749672787,PC螺纹直通,气动元件 > 气动接头,东特,PC3/8-01,个,3.59,6.28,,,,,,
1946494988749672788,PC螺纹直通,气动元件 > 气动接头,东特,PC3/8-02,个,3.59,6.28,,,,,,
1946494988749672789,PC螺纹直通,气动元件 > 气动接头,东特,PC3/8-03,个,3.59,6.28,,,,,,
1946494988749672790,PC螺纹直通,气动元件 > 气动接头,东特,PC3/8-04,个,3.59,6.28,,,,,,
1997876728432771074,PC螺纹直通,气动元件 > 气动接头,亿日,PC12-02,个,2.25,,,,,,,缺售价
1997876728432771075,PC螺纹直通,气动元件 > 气动接头,亿日,PC12-03,个,2.25,,,,,,,缺售价
1997876728436965377,PC螺纹直通,气动元件 > 气动接头,亿日,PC12-04,个,2.80,,,,,,,缺售价
1966319373111115778,PC螺纹直通,气动元件 > 气动接头,气动之星（CYKL）,PC04-M5,个,0.43,0.75,,,,,,
1966319373115310082,PC螺纹直通,气动元件 > 气动接头,气动之星（CYKL）,PC06-02,个,0.64,1.12,,,,,,
1966319373115310083,PC螺纹直通,气动元件 > 气动接头,气动之星（CYKL）,PC08-02,个,0.64,1.12,,,,,,
1968629801312944130,PE T型三通,气动元件 > 气动接头,山克斯（SUNCOS）,PE-12,,1.06,1.86,,,,,,
1968614244207394817,PE T型三通,气动元件 > 气动接头,山克斯（SUNCOS）,PE-14,,1.64,2.87,,,,,,
1968618218536927235,PE Y型三通,气动元件 > 气动接头,亚一气动（YYC）,PE-08,个,0.71,1.24,,,,,,
1968618218536927234,PE Y型三通,气动元件 > 气动接头,亚一气动（YYC）,PE-12,个,1.06,1.86,,,,,,
1946494988749673018,PEG T型三通,气动元件 > 气动接头,东特,PEG10-12-10,个,0.89,1.56,,,,,,
1946494988749673015,PEG T型三通,气动元件 > 气动接头,东特,PEG10-8-10,个,0.89,1.56,,,,,,
1946494988749673016,PEG T型三通,气动元件 > 气动接头,东特,PEG12-10-12,个,1.06,1.86,,,,,,
1946494988749673019,PEG T型三通,气动元件 > 气动接头,东特,PEG12-8-12,个,0.97,1.70,,,,,,
1946494988749673020,PEG T型三通,气动元件 > 气动接头,东特,PEG14-10-14,个,1.80,3.15,,,,,,
1946494988749673021,PEG T型三通,气动元件 > 气动接头,东特,PEG14-12-14,个,1.86,3.26,,,,,,
1946494988749673022,PEG T型三通,气动元件 > 气动接头,东特,PEG16-12-16,个,2.11,3.69,,,,,,
1946494988749673023,PEG T型三通,气动元件 > 气动接头,东特,PEG16-14-16,个,2.21,3.87,,,,,,
1968616682381475841,PEG T型三通,气动元件 > 气动接头,东特,PEG6-10-6,个,0.79,1.38,,,,,,
1946494988749673013,PEG T型三通,气动元件 > 气动接头,东特,PEG6-4-6,个,0.64,1.12,,,,,,
2076863819581272065,PEG T型三通,气动元件 > 气动接头,东特,PEG6-8-6,个,0.97,1.70,,,,,,
1968616682381475842,PEG T型三通,气动元件 > 气动接头,东特,PEG8-12-8,个,0.97,1.70,,,,,,
1946494988749673017,PEG T型三通,气动元件 > 气动接头,东特,PEG8-4-8,个,0.72,1.26,,,,,,
1946494988749673014,PEG T型三通,气动元件 > 气动接头,东特,PEG8-6-8,个,0.73,1.28,,,,,,
1968615071739379717,PEG T型三通,气动元件 > 气动接头,山克斯（SUNCOS）,PEG10-12-10,个,0.89,1.56,,,,,,
1968615071739379714,PEG T型三通,气动元件 > 气动接头,山克斯（SUNCOS）,PEG12-10-12,个,1.06,1.86,,,,,,
1968615071739379716,PEG T型三通,气动元件 > 气动接头,山克斯（SUNCOS）,PEG8-10-8,个,0.97,1.70,,,,,,
1968615071739379715,PEG T型三通,气动元件 > 气动接头,山克斯（SUNCOS）,PEG8-6-8,个,0.73,1.28,,,,,,
1968615071743574017,PEG T型三通,气动元件 > 气动接头,山克斯（SUNCOS）,PEG8-8-6,个,0.73,1.28,,,,,,
1968616953144770562,PEG T型三通,气动元件 > 气动接头,气动之星（CYKL）,PEG8-12-8,个,0.97,1.70,,,,,,
1946494988749672770,PG 变径直通,气动元件 > 气动接头,东特,PG06-04,个,0.43,0.75,,,,,,
1946494988749672774,PG 变径直通,气动元件 > 气动接头,东特,PG08-04,个,0.45,0.79,,,,,,
1946494988749672771,PG 变径直通,气动元件 > 气动接头,东特,PG08-06,个,0.46,0.81,,,,,,
1946494988749672775,PG 变径直通,气动元件 > 气动接头,东特,PG10-06,个,0.53,0.93,,,,,,
1946494988749672772,PG 变径直通,气动元件 > 气动接头,东特,PG10-08,个,0.62,1.09,,,,,,
1946494988749672776,PG 变径直通,气动元件 > 气动接头,东特,PG12-08,个,0.62,1.09,,,,,,
1946494988749672773,PG 变径直通,气动元件 > 气动接头,东特,PG12-10,个,0.68,1.19,,,,,,
1946494988749672777,PG 变径直通,气动元件 > 气动接头,东特,PG14-10,个,1.15,2.01,,,,,,
1946494988749672778,PG 变径直通,气动元件 > 气动接头,东特,PG14-12,个,1.18,2.07,,,,,,
1946494988749672779,PG 变径直通,气动元件 > 气动接头,东特,PG16-12,个,1.34,2.35,,,,,,
1946494988749672780,PG 变径直通,气动元件 > 气动接头,东特,PG16-14,个,1.49,2.61,,,,,,
1946494988749673004,PGJ 插杆变径直通,气动元件 > 气动接头,,PGJ10-6,个,1.35,2.36,,,,,,
1946494988749673001,PGJ 插杆变径直通,气动元件 > 气动接头,,PGJ10-8,个,1.35,2.36,,,,,,
1946494988749673002,PGJ 插杆变径直通,气动元件 > 气动接头,,PGJ12-10,个,2.05,3.59,,,,,,
1946494988749673005,PGJ 插杆变径直通,气动元件 > 气动接头,,PGJ12-8,个,2.05,3.59,,,,,,
1946494988749672999,PGJ 插杆变径直通,气动元件 > 气动接头,,PGJ6-4,个,1.00,1.75,,,,,,
1946494988749673003,PGJ 插杆变径直通,气动元件 > 气动接头,,PGJ8-4,个,1.10,1.93,,,,,,
1946494988749673000,PGJ 插杆变径直通,气动元件 > 气动接头,,PGJ8-6,个,1.20,2.10,,,,,,
1968635986132959235,PG变经直通,气动元件 > 气动接头,亚一气动（YYC）,PG08-06,个,0.46,0.81,,,,,,
1968635804502818818,PG变经直通,气动元件 > 气动接头,山克斯（SUNCOS）,PG06-04,,0.43,0.75,,,,,,
1968635804502818819,PG变经直通,气动元件 > 气动接头,山克斯（SUNCOS）,PG16-12,,1.34,2.35,,,,,,
1968635804502818820,PG变经直通,气动元件 > 气动接头,山克斯（SUNCOS）,PG16-14,,1.49,2.61,,,,,,
1968636092009775106,PG变经直通,气动元件 > 气动接头,气动之星（CYKL）,PG16-12,个,1.34,2.35,,,,,,
1946494988749673114,PK五通,气动元件 > 气动接头,山克斯（SUNCOS）,PK-10,个,1.55,2.71,,,,,,
1946494988749673115,PK五通,气动元件 > 气动接头,山克斯（SUNCOS）,PK-12,个,1.83,3.20,,,,,,
1946494988749673111,PK五通,气动元件 > 气动接头,山克斯（SUNCOS）,PK-4,个,0.97,1.70,,,,,,
1946494988749673112,PK五通,气动元件 > 气动接头,山克斯（SUNCOS）,PK-6,个,1.03,1.80,,,,,,
1946494988749673113,PK五通,气动元件 > 气动接头,山克斯（SUNCOS）,PK-8,个,1.09,1.91,,,,,,
1946494988749672837,PL L型螺纹二通,气动元件 > 气动接头,东特,PL04-01,个,0.52,0.91,,,,,,
1946494988749672840,PL L型螺纹二通,气动元件 > 气动接头,东特,PL04-02,个,0.79,1.38,,,,,,
1946494988749672842,PL L型螺纹二通,气动元件 > 气动接头,东特,PL04-03,个,1.04,1.82,,,,,,
1946494988749672848,PL L型螺纹二通,气动元件 > 气动接头,东特,PL06-01,个,0.70,1.23,,,,,,
1946494988749672851,PL L型螺纹二通,气动元件 > 气动接头,东特,PL06-02,个,0.83,1.45,,,,,,
1946494988749672853,PL L型螺纹二通,气动元件 > 气动接头,东特,PL06-03,个,1.10,1.93,,,,,,
1946494988749672855,PL L型螺纹二通,气动元件 > 气动接头,东特,PL06-04,个,1.40,2.45,,,,,,
1946494988749672857,PL L型螺纹二通,气动元件 > 气动接头,东特,PL08-01,个,0.79,1.38,,,,,,
1946494988749672862,PL L型螺纹二通,气动元件 > 气动接头,东特,PL08-02,个,0.83,1.45,,,,,,
1946494988749672864,PL L型螺纹二通,气动元件 > 气动接头,东特,PL08-03,个,1.12,1.96,,,,,,
1946494988749672866,PL L型螺纹二通,气动元件 > 气动接头,东特,PL08-04,个,1.48,2.59,,,,,,
1946494988749672868,PL L型螺纹二通,气动元件 > 气动接头,东特,PL10-01,个,1.16,2.03,,,,,,
1946494988749672871,PL L型螺纹二通,气动元件 > 气动接头,东特,PL10-02,个,1.26,2.21,,,,,,
1946494988749672873,PL L型螺纹二通,气动元件 > 气动接头,东特,PL10-03,个,1.26,2.21,,,,,,
1946494988749672875,PL L型螺纹二通,气动元件 > 气动接头,东特,PL10-04,个,1.67,2.92,,,,,,
1946494988749672870,PL L型螺纹二通,气动元件 > 气动接头,东特,PL10-M10,个,1.16,2.03,,,,,,
1946494988749672872,PL L型螺纹二通,气动元件 > 气动接头,东特,PL10-M12,个,1.26,2.21,,,,,,
1946494988749672874,PL L型螺纹二通,气动元件 > 气动接头,东特,PL10-M16,个,1.26,2.21,,,,,,
1946494988749672876,PL L型螺纹二通,气动元件 > 气动接头,东特,PL10-M20,个,1.67,2.92,,,,,,
1946494988749672869,PL L型螺纹二通,气动元件 > 气动接头,东特,PL10-M8,个,1.16,2.03,,,,,,
1946494988749672877,PL L型螺纹二通,气动元件 > 气动接头,东特,PL12-01,个,1.56,2.73,,,,,,
1946494988749672880,PL L型螺纹二通,气动元件 > 气动接头,东特,PL12-02,个,1.56,2.73,,,,,,
1946494988749672882,PL L型螺纹二通,气动元件 > 气动接头,东特,PL12-03,个,1.56,2.73,,,,,,
1946494988749672884,PL L型螺纹二通,气动元件 > 气动接头,东特,PL12-04,个,1.80,3.15,,,,,,
1946494988749672879,PL L型螺纹二通,气动元件 > 气动接头,东特,PL12-M10,个,1.56,2.73,,,,,,
1946494988749672881,PL L型螺纹二通,气动元件 > 气动接头,东特,PL12-M12,个,1.56,2.73,,,,,,
1946494988749672883,PL L型螺纹二通,气动元件 > 气动接头,东特,PL12-M16,个,1.56,2.73,,,,,,
1946494988749672885,PL L型螺纹二通,气动元件 > 气动接头,东特,PL12-M20,个,1.80,3.15,,,,,,
1946494988749672878,PL L型螺纹二通,气动元件 > 气动接头,东特,PL12-M8,个,1.56,2.73,,,,,,
1946494988749672886,PL L型螺纹二通,气动元件 > 气动接头,东特,PL14-02,个,2.74,4.80,,,,,,
1946494988749672887,PL L型螺纹二通,气动元件 > 气动接头,东特,PL14-03,个,2.85,4.99,,,,,,
1946494988749672888,PL L型螺纹二通,气动元件 > 气动接头,东特,PL14-04,个,3.23,5.65,,,,,,
1946494988749672889,PL L型螺纹二通,气动元件 > 气动接头,东特,PL14-M20,个,3.23,5.65,,,,,,
1946494988749672890,PL L型螺纹二通,气动元件 > 气动接头,东特,PL16-03,个,2.84,4.97,,,,,,
1946494988749672892,PL L型螺纹二通,气动元件 > 气动接头,东特,PL16-04,个,3.28,5.74,,,,,,
1946494988749672894,PL L型螺纹二通,气动元件 > 气动接头,东特,PL16-06,个,4.76,8.33,,,,,,
1946494988749672891,PL L型螺纹二通,气动元件 > 气动接头,东特,PL16-M16,个,2.84,4.97,,,,,,
1946494988749672893,PL L型螺纹二通,气动元件 > 气动接头,东特,PL16-M20,个,3.28,5.74,,,,,,
1946494988749672895,PL L型螺纹二通,气动元件 > 气动接头,东特,PL16-M27,个,4.76,8.33,,,,,,
1946494988749672839,PL L型螺纹二通,气动元件 > 气动接头,东特,PL4-M10,个,0.52,0.91,,,,,,
1946494988749672841,PL L型螺纹二通,气动元件 > 气动接头,东特,PL4-M12,个,0.79,1.38,,,,,,
1946494988749672843,PL L型螺纹二通,气动元件 > 气动接头,东特,PL4-M16,个,1.04,1.82,,,,,,
1946494988749672834,PL L型螺纹二通,气动元件 > 气动接头,东特,PL4-M4,个,0.52,0.91,,,,,,
1946494988749672835,PL L型螺纹二通,气动元件 > 气动接头,东特,PL4-M5,个,0.52,0.91,,,,,,
1946494988749672836,PL L型螺纹二通,气动元件 > 气动接头,东特,PL4-M6,个,0.52,0.91,,,,,,
1946494988749672838,PL L型螺纹二通,气动元件 > 气动接头,东特,PL4-M8,个,0.52,0.91,,,,,,
1946494988749672850,PL L型螺纹二通,气动元件 > 气动接头,东特,PL6-M10,个,0.70,1.23,,,,,,
1946494988749672852,PL L型螺纹二通,气动元件 > 气动接头,东特,PL6-M12,个,0.83,1.45,,,,,,
1946494988749672854,PL L型螺纹二通,气动元件 > 气动接头,东特,PL6-M16,个,1.10,1.93,,,,,,
1946494988749672856,PL L型螺纹二通,气动元件 > 气动接头,东特,PL6-M20,个,1.40,2.45,,,,,,
1946494988749672844,PL L型螺纹二通,气动元件 > 气动接头,东特,PL6-M3,个,0.67,1.17,,,,,,
1946494988749672845,PL L型螺纹二通,气动元件 > 气动接头,东特,PL6-M4,个,0.67,1.17,,,,,,
1946494988749672846,PL L型螺纹二通,气动元件 > 气动接头,东特,PL6-M5,个,0.67,1.17,,,,,,
1946494988749672847,PL L型螺纹二通,气动元件 > 气动接头,东特,PL6-M6,个,0.67,1.17,,,,,,
1946494988749672849,PL L型螺纹二通,气动元件 > 气动接头,东特,PL6-M8,个,0.70,1.23,,,,,,
1946494988749672861,PL L型螺纹二通,气动元件 > 气动接头,东特,PL8-M10,个,0.79,1.38,,,,,,
1946494988749672863,PL L型螺纹二通,气动元件 > 气动接头,东特,PL8-M12,个,0.83,1.45,,,,,,
1946494988749672865,PL L型螺纹二通,气动元件 > 气动接头,东特,PL8-M16,个,1.12,1.96,,,,,,
1946494988749672867,PL L型螺纹二通,气动元件 > 气动接头,东特,PL8-M20,个,1.48,2.59,,,,,,
1946494988749672858,PL L型螺纹二通,气动元件 > 气动接头,东特,PL8-M5,个,0.79,1.38,,,,,,
1946494988749672859,PL L型螺纹二通,气动元件 > 气动接头,东特,PL8-M6,个,0.79,1.38,,,,,,
1946494988749672860,PL L型螺纹二通,气动元件 > 气动接头,东特,PL8-M8,个,0.79,1.38,,,,,,
1946494988749672931,PLF 内螺纹二通,气动元件 > 气动接头,东特,PLF10-01,个,2.05,3.59,,,,,,
1946494988749672934,PLF 内螺纹二通,气动元件 > 气动接头,东特,PLF10-02,个,1.59,2.78,,,,,,
1946494988749672936,PLF 内螺纹二通,气动元件 > 气动接头,东特,PLF10-03,个,2.10,3.68,,,,,,
1946494988749672938,PLF 内螺纹二通,气动元件 > 气动接头,东特,PLF10-04,个,2.58,4.52,,,,,,
1946494988749672933,PLF 内螺纹二通,气动元件 > 气动接头,东特,PLF10-M10,个,2.05,3.59,,,,,,
1946494988749672935,PLF 内螺纹二通,气动元件 > 气动接头,东特,PLF10-M12,个,1.59,2.78,,,,,,
1946494988749672937,PLF 内螺纹二通,气动元件 > 气动接头,东特,PLF10-M16,个,2.10,3.68,,,,,,
1946494988749672939,PLF 内螺纹二通,气动元件 > 气动接头,东特,PLF10-M20,个,2.58,4.52,,,,,,
1946494988749672932,PLF 内螺纹二通,气动元件 > 气动接头,东特,PLF10-M8,个,2.05,3.59,,,,,,
1946494988749672940,PLF 内螺纹二通,气动元件 > 气动接头,东特,PLF12-01,个,2.10,3.68,,,,,,
1946494988749672943,PLF 内螺纹二通,气动元件 > 气动接头,东特,PLF12-02,个,2.10,3.68,,,,,,
1946494988749672945,PLF 内螺纹二通,气动元件 > 气动接头,东特,PLF12-03,个,2.28,3.99,,,,,,
1946494988749672947,PLF 内螺纹二通,气动元件 > 气动接头,东特,PLF12-04,个,2.70,4.73,,,,,,
1946494988749672942,PLF 内螺纹二通,气动元件 > 气动接头,东特,PLF12-M10,个,2.10,3.68,,,,,,
1946494988749672944,PLF 内螺纹二通,气动元件 > 气动接头,东特,PLF12-M12,个,2.10,3.68,,,,,,
1946494988749672946,PLF 内螺纹二通,气动元件 > 气动接头,东特,PLF12-M16,个,2.28,3.99,,,,,,
1946494988749672948,PLF 内螺纹二通,气动元件 > 气动接头,东特,PLF12-M20,个,2.70,4.73,,,,,,
1946494988749672941,PLF 内螺纹二通,气动元件 > 气动接头,东特,PLF12-M8,个,2.10,3.68,,,,,,
1946494988749672949,PLF 内螺纹二通,气动元件 > 气动接头,东特,PLF14-02,个,5.57,9.75,,,,,,
1946494988749672950,PLF 内螺纹二通,气动元件 > 气动接头,东特,PLF14-03,个,5.59,9.78,,,,,,
1946494988749672951,PLF 内螺纹二通,气动元件 > 气动接头,东特,PLF14-04,个,5.92,10.36,,,,,,
1946494988749672952,PLF 内螺纹二通,气动元件 > 气动接头,东特,PLF14-M20,个,5.92,10.36,,,,,,
1946494988749672953,PLF 内螺纹二通,气动元件 > 气动接头,东特,PLF16-02,个,5.69,9.96,,,,,,
1946494988749672954,PLF 内螺纹二通,气动元件 > 气动接头,东特,PLF16-03,个,5.71,9.99,,,,,,
1946494988749672956,PLF 内螺纹二通,气动元件 > 气动接头,东特,PLF16-04,个,6.05,10.59,,,,,,
1946494988749672958,PLF 内螺纹二通,气动元件 > 气动接头,东特,PLF16-06,个,6.98,12.22,,,,,,
1946494988749672955,PLF 内螺纹二通,气动元件 > 气动接头,东特,PLF16-M16,个,5.71,9.99,,,,,,
1946494988749672957,PLF 内螺纹二通,气动元件 > 气动接头,东特,PLF16-M20,个,6.05,10.59,,,,,,
1946494988749672959,PLF 内螺纹二通,气动元件 > 气动接头,东特,PLF16-M27,个,6.98,12.22,,,,,,
1946494988749672900,PLF 内螺纹二通,气动元件 > 气动接头,东特,PLF4-01,个,0.75,1.31,,,,,,
1946494988749672903,PLF 内螺纹二通,气动元件 > 气动接头,东特,PLF4-02,个,1.32,2.31,,,,,,
1946494988749672905,PLF 内螺纹二通,气动元件 > 气动接头,东特,PLF4-03,个,2.02,3.54,,,,,,
1946494988749672902,PLF 内螺纹二通,气动元件 > 气动接头,东特,PLF4-M10,个,0.75,1.31,,,,,,
1946494988749672904,PLF 内螺纹二通,气动元件 > 气动接头,东特,PLF4-M12,个,1.32,2.31,,,,,,
1946494988749672906,PLF 内螺纹二通,气动元件 > 气动接头,东特,PLF4-M16,个,2.02,3.54,,,,,,
1946494988749672896,PLF 内螺纹二通,气动元件 > 气动接头,东特,PLF4-M3,个,0.76,1.33,,,,,,
1946494988749672897,PLF 内螺纹二通,气动元件 > 气动接头,东特,PLF4-M4,个,0.76,1.33,,,,,,
1946494988749672898,PLF 内螺纹二通,气动元件 > 气动接头,东特,PLF4-M5,个,0.76,1.33,,,,,,
1946494988749672899,PLF 内螺纹二通,气动元件 > 气动接头,东特,PLF4-M6,个,0.76,1.33,,,,,,
1946494988749672901,PLF 内螺纹二通,气动元件 > 气动接头,东特,PLF4-M8,个,0.75,1.31,,,,,,
1946494988749672911,PLF 内螺纹二通,气动元件 > 气动接头,东特,PLF6-01,个,0.94,1.65,,,,,,
1946494988749672914,PLF 内螺纹二通,气动元件 > 气动接头,东特,PLF6-02,个,1.32,2.31,,,,,,
1946494988749672916,PLF 内螺纹二通,气动元件 > 气动接头,东特,PLF6-03,个,2.12,3.71,,,,,,
1946494988749672918,PLF 内螺纹二通,气动元件 > 气动接头,东特,PLF6-04,个,3.00,5.25,,,,,,
1946494988749672913,PLF 内螺纹二通,气动元件 > 气动接头,东特,PLF6-M10,个,0.94,1.65,,,,,,
1946494988749672915,PLF 内螺纹二通,气动元件 > 气动接头,东特,PLF6-M12,个,1.32,2.31,,,,,,
1946494988749672917,PLF 内螺纹二通,气动元件 > 气动接头,东特,PLF6-M16,个,2.12,3.71,,,,,,
1946494988749672919,PLF 内螺纹二通,气动元件 > 气动接头,东特,PLF6-M20,个,3.00,5.25,,,,,,
1946494988749672907,PLF 内螺纹二通,气动元件 > 气动接头,东特,PLF6-M3,个,1.02,1.79,,,,,,
1946494988749672908,PLF 内螺纹二通,气动元件 > 气动接头,东特,PLF6-M4,个,1.02,1.79,,,,,,
1946494988749672909,PLF 内螺纹二通,气动元件 > 气动接头,东特,PLF6-M5,个,1.02,1.79,,,,,,
1946494988749672910,PLF 内螺纹二通,气动元件 > 气动接头,东特,PLF6-M6,个,1.02,1.79,,,,,,
1946494988749672912,PLF 内螺纹二通,气动元件 > 气动接头,东特,PLF6-M8,个,0.94,1.65,,,,,,
1946494988749672920,PLF 内螺纹二通,气动元件 > 气动接头,东特,PLF8-01,个,0.98,1.72,,,,,,
1946494988749672925,PLF 内螺纹二通,气动元件 > 气动接头,东特,PLF8-02,个,1.36,2.38,,,,,,
1946494988749672927,PLF 内螺纹二通,气动元件 > 气动接头,东特,PLF8-03,个,1.79,3.13,,,,,,
1946494988749672929,PLF 内螺纹二通,气动元件 > 气动接头,东特,PLF8-04,个,2.40,4.20,,,,,,
1946494988749672924,PLF 内螺纹二通,气动元件 > 气动接头,东特,PLF8-M10,个,0.98,1.72,,,,,,
1946494988749672926,PLF 内螺纹二通,气动元件 > 气动接头,东特,PLF8-M12,个,1.36,2.38,,,,,,
1946494988749672928,PLF 内螺纹二通,气动元件 > 气动接头,东特,PLF8-M16,个,1.79,3.13,,,,,,
1946494988749672930,PLF 内螺纹二通,气动元件 > 气动接头,东特,PLF8-M20,个,2.40,4.20,,,,,,
1946494988749672921,PLF 内螺纹二通,气动元件 > 气动接头,东特,PLF8-M5,个,0.98,1.72,,,,,,
1946494988749672922,PLF 内螺纹二通,气动元件 > 气动接头,东特,PLF8-M6,个,0.98,1.72,,,,,,
1946494988749672923,PLF 内螺纹二通,气动元件 > 气动接头,东特,PLF8-M8,个,0.98,1.72,,,,,,
1970419305447161858,PM隔板直通,气动元件 > 气动接头,东特,PM10,个,4.07,,,,,,,缺售价
1970419718841958401,PM隔板直通,气动元件 > 气动接头,山克斯（SUNCOS）,PM04,个,1.91,,,,,,,缺售价
1970419718841958402,PM隔板直通,气动元件 > 气动接头,山克斯（SUNCOS）,PM06,个,2.26,,,,,,,缺售价
1970419718841958403,PM隔板直通,气动元件 > 气动接头,山克斯（SUNCOS）,PM08,个,2.60,,,,,,,缺售价
1970419718841958404,PM隔板直通,气动元件 > 气动接头,山克斯（SUNCOS）,PM10,个,4.07,,,,,,,缺售价
1970419718846152706,PM隔板直通,气动元件 > 气动接头,山克斯（SUNCOS）,PM12,个,4.78,,,,,,,缺售价
1946494988749672794,POC圆螺纹直通,气动元件 > 气动接头,东特,POC04-01,个,5.99,10.48,,,,,,
1946494988749672795,POC圆螺纹直通,气动元件 > 气动接头,东特,POC04-02,个,5.99,10.48,,,,,,
1946494988749672796,POC圆螺纹直通,气动元件 > 气动接头,东特,POC04-03,个,5.99,10.48,,,,,,
1946494988749673260,POC圆螺纹直通,气动元件 > 气动接头,东特,POC04-M5,个,5.99,10.48,,,,,,
1946494988749673261,POC圆螺纹直通,气动元件 > 气动接头,东特,POC04-M6,个,5.99,10.48,,,,,,
1946494988749672817,POC圆螺纹直通,气动元件 > 气动接头,东特,POC05/16-01,个,5.99,10.48,,,,,,
1946494988749672818,POC圆螺纹直通,气动元件 > 气动接头,东特,POC05/16-02,个,5.99,10.48,,,,,,
1946494988749672819,POC圆螺纹直通,气动元件 > 气动接头,东特,POC05/16-03,个,5.99,10.48,,,,,,
1946494988749672799,POC圆螺纹直通,气动元件 > 气动接头,东特,POC06-01,个,5.99,10.48,,,,,,
1946494988749672800,POC圆螺纹直通,气动元件 > 气动接头,东特,POC06-02,个,5.99,10.48,,,,,,
1946494988749672801,POC圆螺纹直通,气动元件 > 气动接头,东特,POC06-03,个,5.99,10.48,,,,,,
1946494988749672802,POC圆螺纹直通,气动元件 > 气动接头,东特,POC06-04,个,5.99,10.48,,,,,,
1946494988749672797,POC圆螺纹直通,气动元件 > 气动接头,东特,POC06-M5,个,5.99,10.48,,,,,,
1946494988749672798,POC圆螺纹直通,气动元件 > 气动接头,东特,POC06-M6,个,5.99,10.48,,,,,,
1946494988749672803,POC圆螺纹直通,气动元件 > 气动接头,东特,POC08-01,个,5.99,10.48,,,,,,
1946494988749672804,POC圆螺纹直通,气动元件 > 气动接头,东特,POC08-02,个,5.99,10.48,,,,,,
1946494988749672805,POC圆螺纹直通,气动元件 > 气动接头,东特,POC08-03,个,5.99,10.48,,,,,,
1946494988749672806,POC圆螺纹直通,气动元件 > 气动接头,东特,POC08-04,个,5.99,10.48,,,,,,
1946494988749672824,POC圆螺纹直通,气动元件 > 气动接头,东特,POC1/2-02,个,5.99,10.48,,,,,,
1946494988749672825,POC圆螺纹直通,气动元件 > 气动接头,东特,POC1/2-03,个,5.99,10.48,,,,,,
1946494988749672826,POC圆螺纹直通,气动元件 > 气动接头,东特,POC1/2-04,个,5.99,10.48,,,,,,
1946494988749672814,POC圆螺纹直通,气动元件 > 气动接头,东特,POC1/4-01,个,5.99,10.48,,,,,,
1946494988749672815,POC圆螺纹直通,气动元件 > 气动接头,东特,POC1/4-02,个,5.99,10.48,,,,,,
1946494988749672816,POC圆螺纹直通,气动元件 > 气动接头,东特,POC1/4-03,个,5.99,10.48,,,,,,
1946494988749672807,POC圆螺纹直通,气动元件 > 气动接头,东特,POC10-01,个,5.99,10.48,,,,,,
1946494988749672808,POC圆螺纹直通,气动元件 > 气动接头,东特,POC10-02,个,5.99,10.48,,,,,,
1946494988749672809,POC圆螺纹直通,气动元件 > 气动接头,东特,POC10-03,个,5.99,10.48,,,,,,
1946494988749672810,POC圆螺纹直通,气动元件 > 气动接头,东特,POC10-04,个,5.99,10.48,,,,,,
1946494988749672811,POC圆螺纹直通,气动元件 > 气动接头,东特,POC12-02,个,5.99,10.48,,,,,,
1946494988749672812,POC圆螺纹直通,气动元件 > 气动接头,东特,POC12-03,个,5.99,10.48,,,,,,
1946494988749672813,POC圆螺纹直通,气动元件 > 气动接头,东特,POC12-04,个,5.99,10.48,,,,,,
1946494988749672820,POC圆螺纹直通,气动元件 > 气动接头,东特,POC3/8-01,个,5.99,10.48,,,,,,
1946494988749672821,POC圆螺纹直通,气动元件 > 气动接头,东特,POC3/8-02,个,5.99,10.48,,,,,,
1946494988749672822,POC圆螺纹直通,气动元件 > 气动接头,东特,POC3/8-03,个,5.99,10.48,,,,,,
1946494988749672823,POC圆螺纹直通,气动元件 > 气动接头,东特,POC3/8-04,个,5.99,10.48,,,,,,
1968635264616202241,PU直通,气动元件 > 气动接头,亚一气动（YYC）,PU10,,0.59,1.03,,,,,,
1968635264612007938,PU直通,气动元件 > 气动接头,亚一气动（YYC）,PU8,,0.41,0.72,,,,,,
1968635061708357634,PU直通,气动元件 > 气动接头,山克斯（SUNCOS）,PU6,,0.39,0.68,,,,,,
1968635362892939265,PU直通,气动元件 > 气动接头,气动之星（CYKL）,PU10,,0.59,1.03,,,,,,
1946494988749672759,PV L型二通,气动元件 > 气动接头,东特,PVL10,个,1.00,1.75,,,,,,
1946494988749672760,PV L型二通,气动元件 > 气动接头,东特,PVL12,个,1.25,2.19,,,,,,
1946494988749672761,PV L型二通,气动元件 > 气动接头,东特,PVL14,个,1.92,3.36,,,,,,
1946494988749672762,PV L型二通,气动元件 > 气动接头,东特,PVL16,个,2.62,4.59,,,,,,
1946494988749672756,PV L型二通,气动元件 > 气动接头,东特,PVL4,个,0.62,1.09,,,,,,
1946494988749672757,PV L型二通,气动元件 > 气动接头,东特,PVL6,个,0.65,1.14,,,,,,
1946494988749672758,PV L型二通,气动元件 > 气动接头,东特,PVL8,个,0.72,1.26,,,,,,
1970315066976763905,PV L型二通,气动元件 > 气动接头,亚一气动（YYC）,PV06,个,0.65,1.14,,,,,,
1970315066980958210,PV L型二通,气动元件 > 气动接头,亚一气动（YYC）,PV08,个,0.72,1.26,,,,,,
1970315066980958211,PV L型二通,气动元件 > 气动接头,亚一气动（YYC）,PV10,个,1.00,1.75,,,,,,
1970314825879781377,PV L型二通,气动元件 > 气动接头,山克斯（SUNCOS）,PV04,,0.62,1.09,,,,,,
1970314825883975681,PV L型二通,气动元件 > 气动接头,山克斯（SUNCOS）,PV06,,0.65,1.14,,,,,,
1970314825888169985,PV L型二通,气动元件 > 气动接头,山克斯（SUNCOS）,PV10,,1.00,1.75,,,,,,
1970314825888169986,PV L型二通,气动元件 > 气动接头,山克斯（SUNCOS）,PV12,,1.25,2.19,,,,,,
1968599358085627906,PX Y型三通带螺纹,气动元件 > 气动接头,三正气动,PX06-03,,1.31,2.29,,,,,,
1968599358081433604,PX Y型三通带螺纹,气动元件 > 气动接头,三正气动,PX08-01,,1.02,1.79,,,,,,
1968599358081433603,PX Y型三通带螺纹,气动元件 > 气动接头,三正气动,PX12-02,,2.05,3.59,,,,,,
1968599358081433602,PX Y型三通带螺纹,气动元件 > 气动接头,三正气动,PX12-03,,2.11,3.69,,,,,,
1946494988749673024,PY Y型三通,气动元件 > 气动接头,东特,PY-04,个,0.54,0.95,,,,,,
1946494988749673025,PY Y型三通,气动元件 > 气动接头,东特,PY-06,个,0.57,1.00,,,,,,
1946494988749673026,PY Y型三通,气动元件 > 气动接头,东特,PY-08,个,0.71,1.24,,,,,,
1946494988749673027,PY Y型三通,气动元件 > 气动接头,东特,PY-10,个,0.91,1.59,,,,,,
1946494988749673028,PY Y型三通,气动元件 > 气动接头,东特,PY-12,个,1.02,1.79,,,,,,
1946494988749673029,PY Y型三通,气动元件 > 气动接头,东特,PY-14,个,1.64,2.87,,,,,,
1946494988749673030,PY Y型三通,气动元件 > 气动接头,东特,PY-16,个,1.75,3.06,,,,,,
1970312612302290945,PY-Y型三通,气动元件 > 气动接头,亚一气动（YYC）,PY-08,,0.71,1.24,,,,,,
1970311722006740993,PY-Y型三通,气动元件 > 气动接头,山克斯（SUNCOS）,PY-08,个,0.71,1.24,,,,,,
1970311722010935298,PY-Y型三通,气动元件 > 气动接头,山克斯（SUNCOS）,PY-10,个,0.91,1.59,,,,,,
1970311722010935299,PY-Y型三通,气动元件 > 气动接头,山克斯（SUNCOS）,PY-12,个,0.91,1.59,,,,,,
1968596938995630081,PZA十字四通,气动元件 > 气动接头,山克斯（SUNCOS）,PZA-04,,0.82,1.44,,,,,,
1968596938999824387,PZA十字四通,气动元件 > 气动接头,山克斯（SUNCOS）,PZA-06,,0.85,1.49,,,,,,
1968596938999824386,PZA十字四通,气动元件 > 气动接头,山克斯（SUNCOS）,PZA-08,,0.97,1.70,,,,,,
1968596938999824388,PZA十字四通,气动元件 > 气动接头,山克斯（SUNCOS）,PZA-10,,1.23,2.15,,,,,,
1968596938999824389,PZA十字四通,气动元件 > 气动接头,山克斯（SUNCOS）,PZA-12,,1.43,2.50,,,,,,
1946494988749673225,SL（JSC） L型节流阀,气动元件 > 气动接头,东特,SL10-01,个,2.12,3.71,,,,,,
1946494988749673228,SL（JSC） L型节流阀,气动元件 > 气动接头,东特,SL10-02,个,3.20,5.60,,,,,,
1946494988749673230,SL（JSC） L型节流阀,气动元件 > 气动接头,东特,SL10-03,个,5.07,8.87,,,,,,
1946494988749673232,SL（JSC） L型节流阀,气动元件 > 气动接头,东特,SL10-04,个,6.65,11.64,,,,,,
1946494988749673227,SL（JSC） L型节流阀,气动元件 > 气动接头,东特,SL10-M10,个,2.12,3.71,,,,,,
1946494988749673229,SL（JSC） L型节流阀,气动元件 > 气动接头,东特,SL10-M12,个,3.20,5.60,,,,,,
1946494988749673231,SL（JSC） L型节流阀,气动元件 > 气动接头,东特,SL10-M16,个,5.07,8.87,,,,,,
1946494988749673233,SL（JSC） L型节流阀,气动元件 > 气动接头,东特,SL10-M20,个,6.65,11.64,,,,,,
1946494988749673226,SL（JSC） L型节流阀,气动元件 > 气动接头,东特,SL10-M8,个,2.12,3.71,,,,,,
1946494988749673234,SL（JSC） L型节流阀,气动元件 > 气动接头,东特,SL12-01,个,2.27,3.97,,,,,,
1946494988749673237,SL（JSC） L型节流阀,气动元件 > 气动接头,东特,SL12-02,个,3.27,5.72,,,,,,
1946494988749673239,SL（JSC） L型节流阀,气动元件 > 气动接头,东特,SL12-03,个,5.12,8.96,,,,,,
1946494988749673241,SL（JSC） L型节流阀,气动元件 > 气动接头,东特,SL12-04,个,6.73,11.78,,,,,,
1946494988749673236,SL（JSC） L型节流阀,气动元件 > 气动接头,东特,SL12-M10,个,2.27,3.97,,,,,,
1946494988749673238,SL（JSC） L型节流阀,气动元件 > 气动接头,东特,SL12-M12,个,3.27,5.72,,,,,,
1946494988749673240,SL（JSC） L型节流阀,气动元件 > 气动接头,东特,SL12-M16,个,5.12,8.96,,,,,,
1946494988749673242,SL（JSC） L型节流阀,气动元件 > 气动接头,东特,SL12-M20,个,6.73,11.78,,,,,,
1946494988749673235,SL（JSC） L型节流阀,气动元件 > 气动接头,东特,SL12-M8,个,2.27,3.97,,,,,,
1946494988749673196,SL（JSC） L型节流阀,气动元件 > 气动接头,东特,SL4-01,个,2.13,3.73,,,,,,
1946494988749673199,SL（JSC） L型节流阀,气动元件 > 气动接头,东特,SL4-02,个,3.07,5.37,,,,,,
1946494988749673198,SL（JSC） L型节流阀,气动元件 > 气动接头,东特,SL4-M10,个,2.13,3.73,,,,,,
1946494988749673200,SL（JSC） L型节流阀,气动元件 > 气动接头,东特,SL4-M12,个,3.07,5.37,,,,,,
1946494988749673192,SL（JSC） L型节流阀,气动元件 > 气动接头,东特,SL4-M3,个,1.90,3.33,,,,,,
1946494988749673193,SL（JSC） L型节流阀,气动元件 > 气动接头,东特,SL4-M4,个,1.90,3.33,,,,,,
1946494988749673194,SL（JSC） L型节流阀,气动元件 > 气动接头,东特,SL4-M5,个,1.90,3.33,,,,,,
1946494988749673195,SL（JSC） L型节流阀,气动元件 > 气动接头,东特,SL4-M6,个,1.90,3.33,,,,,,
1946494988749673197,SL（JSC） L型节流阀,气动元件 > 气动接头,东特,SL4-M8,个,2.13,3.73,,,,,,
1946494988749673205,SL（JSC） L型节流阀,气动元件 > 气动接头,东特,SL6-01,个,2.03,3.55,,,,,,
1946494988749673208,SL（JSC） L型节流阀,气动元件 > 气动接头,东特,SL6-02,个,3.08,5.39,,,,,,
1946494988749673210,SL（JSC） L型节流阀,气动元件 > 气动接头,东特,SL6-03,个,5.00,8.75,,,,,,
1946494988749673212,SL（JSC） L型节流阀,气动元件 > 气动接头,东特,SL6-04,个,6.58,11.52,,,,,,
1946494988749673207,SL（JSC） L型节流阀,气动元件 > 气动接头,东特,SL6-M10,个,2.03,3.55,,,,,,
1946494988749673209,SL（JSC） L型节流阀,气动元件 > 气动接头,东特,SL6-M12,个,3.08,5.39,,,,,,
1946494988749673211,SL（JSC） L型节流阀,气动元件 > 气动接头,东特,SL6-M16,个,5.00,8.75,,,,,,
1946494988749673213,SL（JSC） L型节流阀,气动元件 > 气动接头,东特,SL6-M20,个,6.58,11.52,,,,,,
1946494988749673201,SL（JSC） L型节流阀,气动元件 > 气动接头,东特,SL6-M3,个,1.97,3.45,,,,,,
1946494988749673202,SL（JSC） L型节流阀,气动元件 > 气动接头,东特,SL6-M4,个,1.97,3.45,,,,,,
1946494988749673203,SL（JSC） L型节流阀,气动元件 > 气动接头,东特,SL6-M5,个,1.97,3.45,,,,,,
1946494988749673204,SL（JSC） L型节流阀,气动元件 > 气动接头,东特,SL6-M6,个,1.97,3.45,,,,,,
1946494988749673206,SL（JSC） L型节流阀,气动元件 > 气动接头,东特,SL6-M8,个,2.03,3.55,,,,,,
1946494988749673214,SL（JSC） L型节流阀,气动元件 > 气动接头,东特,SL8-01,个,2.08,3.64,,,,,,
1946494988749673219,SL（JSC） L型节流阀,气动元件 > 气动接头,东特,SL8-02,个,3.13,5.48,,,,,,
1946494988749673221,SL（JSC） L型节流阀,气动元件 > 气动接头,东特,SL8-03,个,5.02,8.79,,,,,,
1946494988749673223,SL（JSC） L型节流阀,气动元件 > 气动接头,东特,SL8-04,个,6.62,11.59,,,,,,
1946494988749673218,SL（JSC） L型节流阀,气动元件 > 气动接头,东特,SL8-M10,个,2.08,3.64,,,,,,
1946494988749673220,SL（JSC） L型节流阀,气动元件 > 气动接头,东特,SL8-M12,个,3.13,5.48,,,,,,
1946494988749673222,SL（JSC） L型节流阀,气动元件 > 气动接头,东特,SL8-M16,个,5.02,8.79,,,,,,
1946494988749673224,SL（JSC） L型节流阀,气动元件 > 气动接头,东特,SL8-M20,个,6.62,11.59,,,,,,
1946494988749673215,SL（JSC） L型节流阀,气动元件 > 气动接头,东特,SL8-M5,个,2.08,3.64,,,,,,
1946494988749673216,SL（JSC） L型节流阀,气动元件 > 气动接头,东特,SL8-M6,个,2.08,3.64,,,,,,
1946494988749673217,SL（JSC） L型节流阀,气动元件 > 气动接头,东特,SL8-M8,个,2.08,3.64,,,,,,
1970318014087692294,SL（JSC） L型节流阀,气动元件 > 气动接头,山克斯（SUNCOS）,SL10-01,,2.12,3.71,,,,,,
1970318014087692296,SL（JSC） L型节流阀,气动元件 > 气动接头,山克斯（SUNCOS）,SL12-03,,5.12,8.96,,,,,,
1970318014091886593,SL（JSC） L型节流阀,气动元件 > 气动接头,山克斯（SUNCOS）,SL12-04,,6.73,11.78,,,,,,
1970318014087692291,SL（JSC） L型节流阀,气动元件 > 气动接头,山克斯（SUNCOS）,SL4-02,,3.07,5.37,,,,,,
1970318014087692290,SL（JSC） L型节流阀,气动元件 > 气动接头,山克斯（SUNCOS）,SL4-M5,,1.90,3.33,,,,,,
1970318014087692292,SL（JSC） L型节流阀,气动元件 > 气动接头,山克斯（SUNCOS）,SL6-02,,3.08,5.39,,,,,,
1970318014087692293,SL（JSC） L型节流阀,气动元件 > 气动接头,山克斯（SUNCOS）,SL6-04,,6.58,11.52,,,,,,
1970318014087692295,SL（JSC） L型节流阀,气动元件 > 气动接头,山克斯（SUNCOS）,SL8-04,,6.62,11.59,,,,,,
1970318212109172738,SL（JSC） L型节流阀,气动元件 > 气动接头,气动之星（CYKL）,SL6-01,个,2.03,3.55,,,,,,
1966317433044189186,SPC螺纹直通,气动元件 > 气动接头,山克斯（SUNCOS）,PC04-01,个,0.45,0.79,,,,,,
1966314375333658625,SPC螺纹直通,气动元件 > 气动接头,山克斯（SUNCOS）,PC04-M6,个,0.43,0.75,,,,,,
1966318892431294466,SPC螺纹直通,气动元件 > 气动接头,山克斯（SUNCOS）,PC06-03,个,1.11,1.94,,,,,,
1966318892431294467,SPC螺纹直通,气动元件 > 气动接头,山克斯（SUNCOS）,PC06-04,个,1.73,3.03,,,,,,
1966318892427100162,SPC螺纹直通,气动元件 > 气动接头,山克斯（SUNCOS）,PC06-M6,个,0.60,1.05,,,,,,
1966318892439683074,SPC螺纹直通,气动元件 > 气动接头,山克斯（SUNCOS）,PC08-03,个,0.98,1.72,,,,,,
1966318892435488769,SPC螺纹直通,气动元件 > 气动接头,山克斯（SUNCOS）,PC10-01,个,0.96,1.68,,,,,,
1966318892435488770,SPC螺纹直通,气动元件 > 气动接头,山克斯（SUNCOS）,PC10-02,个,0.92,1.61,,,,,,
1966318892439683073,SPC螺纹直通,气动元件 > 气动接头,山克斯（SUNCOS）,PC10-03,个,0.98,1.72,,,,,,
1968595973567512578,SPD螺纹T 型,气动元件 > 气动接头,三正气动,PD04-03,个,1.21,2.12,,,,,,
1968595973567512579,SPD螺纹T 型,气动元件 > 气动接头,三正气动,PD06-01,个,0.88,1.54,,,,,,
1968595973567512580,SPD螺纹T 型,气动元件 > 气动接头,三正气动,PD06-03,个,1.29,2.26,,,,,,
1968595973567512581,SPD螺纹T 型,气动元件 > 气动接头,三正气动,PD08-01,个,1.10,1.93,,,,,,
1968595973567512582,SPD螺纹T 型,气动元件 > 气动接头,三正气动,PD10-01,个,1.49,2.61,,,,,,
1968595973567512583,SPD螺纹T 型,气动元件 > 气动接头,三正气动,PD10-03,个,1.56,2.73,,,,,,
1968595973567512584,SPD螺纹T 型,气动元件 > 气动接头,三正气动,PD12-03,个,1.89,3.31,,,,,,
1968595278537785345,SPD螺纹T型,气动元件 > 气动接头,山克斯（SUNCOS）,PD04-02,个,0.98,1.72,,,,,,
1968595278541979649,SPD螺纹T型,气动元件 > 气动接头,山克斯（SUNCOS）,PD06-01,个,0.88,1.54,,,,,,
1968595278541979650,SPD螺纹T型,气动元件 > 气动接头,山克斯（SUNCOS）,PD08-01,个,1.10,1.93,,,,,,
1968595278546173953,SPD螺纹T型,气动元件 > 气动接头,山克斯（SUNCOS）,PD08-03,个,1.37,2.40,,,,,,
1968595278546173954,SPD螺纹T型,气动元件 > 气动接头,山克斯（SUNCOS）,PD10-02,个,1.54,2.70,,,,,,
1968595278546173955,SPD螺纹T型,气动元件 > 气动接头,山克斯（SUNCOS）,PD12-02,个,1.76,3.08,,,,,,
1947120482725695490,ZPC螺纹接头,气动元件 > 气动接头,亿日,PC12-01,个,2.13,7.00,,,,,,
1947120482729889793,ZPC螺纹接头,气动元件 > 气动接头,亿日,PC12-02,个,2.25,7.00,,,,,,
1947120482729889794,ZPC螺纹接头,气动元件 > 气动接头,亿日,PC12-03,个,2.25,7.00,,,,,,
1970422024249540610,ZPL L型螺纹二通,气动元件 > 气动接头,亿日,ZPL12-02,个,,,,,,,,缺成本价+缺售价
1970422024245346305,ZPL L型螺纹二通,气动元件 > 气动接头,亿日,ZPL12-03,个,2.38,8.50,,,,,,
1986250843833282562,亚太管快拧三通,气动元件 > 气动接头,,12,,,,,,,,,缺成本价+缺售价
1986250758491779073,亚太管快拧弯头,气动元件 > 气动接头,,12-01,个,,,,,,,,缺成本价+缺售价
1986249908599959554,亚太管快拧直通,气动元件 > 气动接头,,10-02,个,,,,,,,,缺成本价+缺售价
1988439742739423233,亚太管快拧直通,气动元件 > 气动接头,,10-04,个,,,,,,,,缺成本价+缺售价
1986249908599959555,亚太管快拧直通,气动元件 > 气动接头,,12-01,个,,,,,,,,缺成本价+缺售价
1986249908604153857,亚太管快拧直通,气动元件 > 气动接头,,12-02,个,,,,,,,,缺成本价+缺售价
1986249908604153858,亚太管快拧直通,气动元件 > 气动接头,,12-03,个,,,,,,,,缺成本价+缺售价
1986249908608348162,亚太管快拧直通,气动元件 > 气动接头,,12-04,个,,,,,,,,缺成本价+缺售价
1989207322513154050,内牙三通（黄铜）,气动元件 > 气动接头,,内牙三通2分,个,,,,,,,,缺成本价+缺售价
1989207322513154051,内牙三通（黄铜）,气动元件 > 气动接头,,内牙三通3分,个,,,,,,,,缺成本价+缺售价
1989210630996926466,内牙宝塔接头,气动元件 > 气动接头,,10-02,,,,,,,,,缺成本价+缺售价
1989210630996926467,内牙宝塔接头,气动元件 > 气动接头,,12-04,,,,,,,,,缺成本价+缺售价
1989210631001120770,内牙宝塔接头,气动元件 > 气动接头,,16-04,,,,,,,,,缺成本价+缺售价
1989210630988537857,内牙宝塔接头,气动元件 > 气动接头,,8-01,,,,,,,,,缺成本价+缺售价
1989210630992732162,内牙宝塔接头,气动元件 > 气动接头,,8-02,,,,,,,,,缺成本价+缺售价
1989210630992732163,内牙宝塔接头,气动元件 > 气动接头,,8-03,,,,,,,,,缺成本价+缺售价
1989206237463486466,内牙弯头（黄铜）,气动元件 > 气动接头,, 内外牙弯头2分,个,,,,,,,,缺成本价+缺售价
1998264052572307458,内牙弯头（黄铜）,气动元件 > 气动接头,,内牙弯头1分,个,,,,,,,,缺成本价+缺售价
1989206237459292162,内牙弯头（黄铜）,气动元件 > 气动接头,,内牙弯头2分,个,,,,,,,,缺成本价+缺售价
1989206237463486465,内牙弯头（黄铜）,气动元件 > 气动接头,,内牙弯头3分,个,,,,,,,,缺成本价+缺售价
1986251966069649410,卡套快拧三通（不锈钢色）,气动元件 > 气动接头,,10-02,个,,,,,,,,缺成本价+缺售价
1986251966065455106,卡套快拧三通（不锈钢色）,气动元件 > 气动接头,,6,个,,,,,,,,缺成本价+缺售价
1986251966069649409,卡套快拧三通（不锈钢色）,气动元件 > 气动接头,,8-01,个,,,,,,,,缺成本价+缺售价
1989206838142345218,卡套快拧三通（黄铜）,气动元件 > 气动接头,,卡套三通10,个,,,,,,,,缺成本价+缺售价
1989206838138150913,卡套快拧三通（黄铜）,气动元件 > 气动接头,,卡套三通6,个,,,,,,,,缺成本价+缺售价
1989206838142345217,卡套快拧三通（黄铜）,气动元件 > 气动接头,,卡套三通8,个,,,,,,,,缺成本价+缺售价
1986251741967986692,卡套快拧弯头（不锈钢色）,气动元件 > 气动接头,,10,个,,,,,,,,缺成本价+缺售价
1986251741972180993,卡套快拧弯头（不锈钢色）,气动元件 > 气动接头,,10-02,个,,,,,,,,缺成本价+缺售价
1986251741963792386,卡套快拧弯头（不锈钢色）,气动元件 > 气动接头,,6-01,个,,,,,,,,缺成本价+缺售价
1986251741963792387,卡套快拧弯头（不锈钢色）,气动元件 > 气动接头,,6-02,个,,,,,,,,缺成本价+缺售价
1986251741967986690,卡套快拧弯头（不锈钢色）,气动元件 > 气动接头,,8-02,个,,,,,,,,缺成本价+缺售价
1986251741967986691,卡套快拧弯头（不锈钢色）,气动元件 > 气动接头,,8-03,个,,,,,,,,缺成本价+缺售价
1989205843471540225,卡套快拧弯头（黄铜）,气动元件 > 气动接头,,卡套弯头6,个,,,,,,,,缺成本价+缺售价
1989205843471540226,卡套快拧弯头（黄铜）,气动元件 > 气动接头,,卡套弯头6-02,个,,,,,,,,缺成本价+缺售价
1989205843475734529,卡套快拧弯头（黄铜）,气动元件 > 气动接头,,卡套弯头6-04,个,,,,,,,,缺成本价+缺售价
1989205843475734530,卡套快拧弯头（黄铜）,气动元件 > 气动接头,,卡套弯头8-02,个,,,,,,,,缺成本价+缺售价
1986251398727118850,卡套快拧直通（不锈钢色）,气动元件 > 气动接头,,10,个,,,,,,,,缺成本价+缺售价
1986251398727118851,卡套快拧直通（不锈钢色）,气动元件 > 气动接头,,10-02,个,,,,,,,,缺成本价+缺售价
1986251398714535938,卡套快拧直通（不锈钢色）,气动元件 > 气动接头,,6-01,个,,,,,,,,缺成本价+缺售价
1986251398718730242,卡套快拧直通（不锈钢色）,气动元件 > 气动接头,,6-02,个,,,,,,,,缺成本价+缺售价
1986251398718730243,卡套快拧直通（不锈钢色）,气动元件 > 气动接头,,8-02,个,,,,,,,,缺成本价+缺售价
1986251398722924546,卡套快拧直通（不锈钢色）,气动元件 > 气动接头,,8-03,个,,,,,,,,缺成本价+缺售价
1986254165130653700,卡套快拧直通（黄铜）,气动元件 > 气动接头,,10,个,,,,,,,,缺成本价+缺售价
1986254165130653701,卡套快拧直通（黄铜）,气动元件 > 气动接头,,10-03,个,,,,,,,,缺成本价+缺售价
1986254165134848001,卡套快拧直通（黄铜）,气动元件 > 气动接头,,12-04,个,,,,,,,,缺成本价+缺售价
1986254165126459394,卡套快拧直通（黄铜）,气动元件 > 气动接头,,6,个,,,,,,,,缺成本价+缺售价
1986254165126459395,卡套快拧直通（黄铜）,气动元件 > 气动接头,,6-02,个,,,,,,,,缺成本价+缺售价
1986254165126459396,卡套快拧直通（黄铜）,气动元件 > 气动接头,,6-03,个,,,,,,,,缺成本价+缺售价
1986254165130653698,卡套快拧直通（黄铜）,气动元件 > 气动接头,,6-04,个,,,,,,,,缺成本价+缺售价
1986254165130653699,卡套快拧直通（黄铜）,气动元件 > 气动接头,,8-03,个,,,,,,,,缺成本价+缺售价
1989207596099215362,外牙三通（黄铜）,气动元件 > 气动接头,,外牙三通2分,个,,,,,,,,缺成本价+缺售价
1989207596099215363,外牙三通（黄铜）,气动元件 > 气动接头,,外牙三通3分,个,,,,,,,,缺成本价+缺售价
1989210770713387009,定制,气动元件 > 气动接头,,扩口12接宝塔12 加长 中间夹板,,,,,,,,,缺成本价+缺售价
1989210065101430788,宝塔弯头,气动元件 > 气动接头,,10-02,个,,,,,,,,缺成本价+缺售价
1989210065101430786,宝塔弯头,气动元件 > 气动接头,,8-02,个,,,,,,,,缺成本价+缺售价
1989210065101430787,宝塔弯头,气动元件 > 气动接头,,8-03,个,,,,,,,,缺成本价+缺售价
1989209853003866119,宝塔直通,气动元件 > 气动接头,,10-02,个,,,,,,,,缺成本价+缺售价
1989209853008060418,宝塔直通,气动元件 > 气动接头,,10-03,个,,,,,,,,缺成本价+缺售价
1989209853008060419,宝塔直通,气动元件 > 气动接头,,10-04,个,1.15,1.00,,,,,,
1989209853008060420,宝塔直通,气动元件 > 气动接头,,10-M10*1,个,,,,,,,,缺成本价+缺售价
1989209853008060421,宝塔直通,气动元件 > 气动接头,,10-M12*1.5,个,,,,,,,,缺成本价+缺售价
1989209853008060422,宝塔直通,气动元件 > 气动接头,,12-02,个,0.85,,,,,,,缺售价
1989209853012254722,宝塔直通,气动元件 > 气动接头,,12-03,个,,,,,,,,缺成本价+缺售价
1989209853012254723,宝塔直通,气动元件 > 气动接头,,12-04,个,1.30,,,,,,,缺售价
1989209853012254724,宝塔直通,气动元件 > 气动接头,,14-02,个,,,,,,,,缺成本价+缺售价
1989209853012254725,宝塔直通,气动元件 > 气动接头,,14-04,个,,,,,,,,缺成本价+缺售价
1989209853012254726,宝塔直通,气动元件 > 气动接头,,16-04,个,,,,,,,,缺成本价+缺售价
1989209853016449026,宝塔直通,气动元件 > 气动接头,,16-06,个,,,,,,,,缺成本价+缺售价
1989209853016449027,宝塔直通,气动元件 > 气动接头,,19-04,个,,,,,,,,缺成本价+缺售价
1989209852995477505,宝塔直通,气动元件 > 气动接头,,6-01,个,,,,,,,,缺成本价+缺售价
1989209852999671810,宝塔直通,气动元件 > 气动接头,,6-02,个,,,,,,,,缺成本价+缺售价
1989209852999671811,宝塔直通,气动元件 > 气动接头,,6-04,个,,,,,,,,缺成本价+缺售价
1989209852999671812,宝塔直通,气动元件 > 气动接头,,8-01,个,,,,,,,,缺成本价+缺售价
1989209852999671813,宝塔直通,气动元件 > 气动接头,,8-02,个,,,,,,,,缺成本价+缺售价
1989209853003866114,宝塔直通,气动元件 > 气动接头,,8-03,个,,,,,,,,缺成本价+缺售价
1989209853003866115,宝塔直通,气动元件 > 气动接头,,8-04,个,,,,,,,,缺成本价+缺售价
1989209853003866117,宝塔直通,气动元件 > 气动接头,,8-M10*1,个,,,,,,,,缺成本价+缺售价
1989209853003866116,宝塔直通,气动元件 > 气动接头,,8-M10*1.5,个,,,,,,,,缺成本价+缺售价
1989209853003866118,宝塔直通,气动元件 > 气动接头,,8-M12*1.5,个,,,,,,,,缺成本价+缺售价
1989207948336865283,快拧三通（黄铜）,气动元件 > 气动接头,,快拧三通10,个,,,,,,,,缺成本价+缺售价
1989207948336865284,快拧三通（黄铜）,气动元件 > 气动接头,,快拧三通12,个,,,,,,,,缺成本价+缺售价
1989207948332670978,快拧三通（黄铜）,气动元件 > 气动接头,,快拧三通6-02,个,,,,,,,,缺成本价+缺售价
1989207948336865282,快拧三通（黄铜）,气动元件 > 气动接头,,快拧三通8-02,个,,,,,,,,缺成本价+缺售价
1989208143250366465,快拧弯头（黄铜）,气动元件 > 气动接头,,快拧弯头8-03,,,,,,,,,缺成本价+缺售价
1983820059587497986,快拧接头内牙,气动元件 > 气动接头,,快拧内牙6-02,个,,,,,,,,缺成本价+缺售价
1983820059591692289,快拧接头内牙,气动元件 > 气动接头,,快拧内牙8-02,个,,,,,,,,缺成本价+缺售价
1983819814623367172,快拧接头对接,气动元件 > 气动接头,,快拧对接10,个,,,,,,,,缺成本价+缺售价
1983819814631755779,快拧接头对接,气动元件 > 气动接头,,快拧对接10-8,个,,,,,,,,缺成本价+缺售价
1983819814623367173,快拧接头对接,气动元件 > 气动接头,,快拧对接12,个,,,,,,,,缺成本价+缺售价
1983819814619172865,快拧接头对接,气动元件 > 气动接头,,快拧对接6,个,,,,,,,,缺成本价+缺售价
1983819814623367170,快拧接头对接,气动元件 > 气动接头,,快拧对接8,个,,,,,,,,缺成本价+缺售价
1983819814631755778,快拧接头对接,气动元件 > 气动接头,,快拧对接8-6,个,,,,,,,,缺成本价+缺售价
1983819814623367171,快拧接头对接,气动元件 > 气动接头,,快拧对接8（长多隔片）,个,,,,,,,,缺成本价+缺售价
1989207054916558852,扩口快拧三通（黄铜）,气动元件 > 气动接头,,扩口三通10,个,,,,,,,,缺成本价+缺售价
1989207054916558850,扩口快拧三通（黄铜）,气动元件 > 气动接头,,扩口三通6,个,,,,,,,,缺成本价+缺售价
1989207054916558851,扩口快拧三通（黄铜）,气动元件 > 气动接头,,扩口三通6-01,个,,,,,,,,缺成本价+缺售价
1989205177747415044,扩口快拧弯头（黄铜）,气动元件 > 气动接头,, 扩口弯头10-04,个,,,,,,,,缺成本价+缺售价
1989205177747415045,扩口快拧弯头（黄铜）,气动元件 > 气动接头,, 扩口弯头12-01,个,,,,,,,,缺成本价+缺售价
1989205177747415043,扩口快拧弯头（黄铜）,气动元件 > 气动接头,,扩口弯头10-03,个,,,,,,,,缺成本价+缺售价
1989203694998036482,扩口快拧弯头（黄铜）,气动元件 > 气动接头,,扩口弯头6-01,个,,,,,,,,缺成本价+缺售价
1989203695002230785,扩口快拧弯头（黄铜）,气动元件 > 气动接头,,扩口弯头6-02,个,,,,,,,,缺成本价+缺售价
1989203695002230786,扩口快拧弯头（黄铜）,气动元件 > 气动接头,,扩口弯头6-03,个,,,,,,,,缺成本价+缺售价
1989203695006425090,扩口快拧弯头（黄铜）,气动元件 > 气动接头,,扩口弯头6-04,个,,,,,,,,缺成本价+缺售价
1989205177743220737,扩口快拧弯头（黄铜）,气动元件 > 气动接头,,扩口弯头8-01,个,,,,,,,,缺成本价+缺售价
1989205177743220738,扩口快拧弯头（黄铜）,气动元件 > 气动接头,,扩口弯头8-02,个,,,,,,,,缺成本价+缺售价
1989205177747415041,扩口快拧弯头（黄铜）,气动元件 > 气动接头,,扩口弯头8-03,个,,,,,,,,缺成本价+缺售价
1989205177747415042,扩口快拧弯头（黄铜）,气动元件 > 气动接头,,扩口弯头8-04,个,,,,,,,,缺成本价+缺售价
1986254779600384003,扩口快拧直通（黄铜）,气动元件 > 气动接头,,10-04,个,,,,,,,,缺成本价+缺售价
1986254779604578305,扩口快拧直通（黄铜）,气动元件 > 气动接头,,12-03,个,,,,,,,,缺成本价+缺售价
1986254779621355521,扩口快拧直通（黄铜）,气动元件 > 气动接头,,12-04,个,,,,,,,,缺成本价+缺售价
1986254779621355522,扩口快拧直通（黄铜）,气动元件 > 气动接头,,12-06,个,,,,,,,,缺成本价+缺售价
1986254779587801089,扩口快拧直通（黄铜）,气动元件 > 气动接头,,6-02,个,,,,,,,,缺成本价+缺售价
1986254779591995393,扩口快拧直通（黄铜）,气动元件 > 气动接头,,6-06,个,,,,,,,,缺成本价+缺售价
1986254779591995394,扩口快拧直通（黄铜）,气动元件 > 气动接头,,8-01,个,,,,,,,,缺成本价+缺售价
1986254779600384001,扩口快拧直通（黄铜）,气动元件 > 气动接头,,8-02,个,,,,,,,,缺成本价+缺售价
1986254779600384002,扩口快拧直通（黄铜）,气动元件 > 气动接头,,8-03,个,,,,,,,,缺成本价+缺售价
1986254779596189697,扩口快拧直通（黄铜）,气动元件 > 气动接头,,8-10*1.5,个,,,,,,,,缺成本价+缺售价
1983819197226012674,气动快拧三通,气动元件 > 气动接头,,快拧三通10,个,,,,,,,,缺成本价+缺售价
1983819197230206977,气动快拧三通,气动元件 > 气动接头,,快拧三通12,个,,,,,,,,缺成本价+缺售价
1983819197230206978,气动快拧三通,气动元件 > 气动接头,,快拧三通16,个,,,,,,,,缺成本价+缺售价
1978377545652903937,气动快拧三通,气动元件 > 气动接头,,快拧三通6,个,,,,,,,,缺成本价+缺售价
1945726345652768772,气动快拧三通,气动元件 > 气动接头,,快拧三通8,个,3.00,5.25,,,,,,
1983819197234401282,气动快拧三通,气动元件 > 气动接头,,快拧三通8-01,个,,,,,,,,缺成本价+缺售价
1983819197234401283,气动快拧三通,气动元件 > 气动接头,,快拧三通8-02,个,,,,,,,,缺成本价+缺售价
1983818259773902851,气动快拧弯头,气动元件 > 气动接头,, 快拧弯头10-02,个,,,,,,,,缺成本价+缺售价
1983818259778097154,气动快拧弯头,气动元件 > 气动接头,, 快拧弯头10-03,个,,,,,,,,缺成本价+缺售价
1983818259786485761,气动快拧弯头,气动元件 > 气动接头,, 快拧弯头10-04,个,,,,,,,,缺成本价+缺售价
1983818259773902850,气动快拧弯头,气动元件 > 气动接头,,快拧弯头10-01,个,,,,,,,,缺成本价+缺售价
1983818259790680066,气动快拧弯头,气动元件 > 气动接头,,快拧弯头10-02（黄长）,个,,,,,,,,缺成本价+缺售价
1983818259786485762,气动快拧弯头,气动元件 > 气动接头,,快拧弯头12-02,个,,,,,,,,缺成本价+缺售价
1983818259790680065,气动快拧弯头,气动元件 > 气动接头,,快拧弯头12-03,个,,,,,,,,缺成本价+缺售价
1955214518032297985,气动快拧弯头,气动元件 > 气动接头,,快拧弯头12-04,个,4.55,7.00,,,,,,
1957000871942340610,气动快拧弯头,气动元件 > 气动接头,,快拧弯头16-04,个,5.00,,,,,,,缺售价
1983818259761319939,气动快拧弯头,气动元件 > 气动接头,,快拧弯头6-01,个,,,,,,,,缺成本价+缺售价
1983818259765514242,气动快拧弯头,气动元件 > 气动接头,,快拧弯头6-02,个,,,,,,,,缺成本价+缺售价
1983818259769708545,气动快拧弯头,气动元件 > 气动接头,,快拧弯头6-03,个,,,,,,,,缺成本价+缺售价
1983818259773902849,气动快拧弯头,气动元件 > 气动接头,,快拧弯头6-04,个,,,,,,,,缺成本价+缺售价
1983818259761319938,气动快拧弯头,气动元件 > 气动接头,,快拧弯头6-M5,个,,,,,,,,缺成本价+缺售价
1945726345652768771,气动快拧弯头,气动元件 > 气动接头,,快拧弯头8-01,个,2.05,3.59,,,,,,
1945726345652768770,气动快拧弯头,气动元件 > 气动接头,,快拧弯头8-02,个,2.15,3.76,,,,,,
1945726345648574467,气动快拧弯头,气动元件 > 气动接头,,快拧弯头8-03,个,2.85,4.99,,,,,,
1983818259757125633,气动快拧弯头,气动元件 > 气动接头,,快拧弯头8-04,个,,,,,,,,缺成本价+缺售价
1956998794776199169,气动快拧直通,气动元件 > 气动接头,,亚太快拧直通12-04,个,2.20,,,,,,,缺售价
1978380172268675082,气动快拧直通,气动元件 > 气动接头,,快拧直通10-01,个,,,,,,,,缺成本价+缺售价
1978380172268675083,气动快拧直通,气动元件 > 气动接头,,快拧直通10-02,个,,,,,,,,缺成本价+缺售价
1978380172268675084,气动快拧直通,气动元件 > 气动接头,,快拧直通10-03,个,,,,,,,,缺成本价+缺售价
1978380172268675085,气动快拧直通,气动元件 > 气动接头,,快拧直通10-04,个,,,,,,,,缺成本价+缺售价
1983816522140864513,气动快拧直通,气动元件 > 气动接头,,快拧直通12-02,个,,,,,,,,缺成本价+缺售价
1983816522140864514,气动快拧直通,气动元件 > 气动接头,,快拧直通12-03,个,,,,,,,,缺成本价+缺售价
1983816522149253121,气动快拧直通,气动元件 > 气动接头,,快拧直通12-04,个,,,,,,,,缺成本价+缺售价
1978372301468475393,气动快拧直通,气动元件 > 气动接头,,快拧直通16-04,个,3.15,,,,,,,缺售价
1978380172268675074,气动快拧直通,气动元件 > 气动接头,,快拧直通6-01,个,,,,,,,,缺成本价+缺售价
1978381535077736450,气动快拧直通,气动元件 > 气动接头,,快拧直通6-01（带卡套）,个,,,,,,,,缺成本价+缺售价
1978380172268675075,气动快拧直通,气动元件 > 气动接头,,快拧直通6-02,个,,,,,,,,缺成本价+缺售价
1978380172268675076,气动快拧直通,气动元件 > 气动接头,,快拧直通6-03,个,,,,,,,,缺成本价+缺售价
1978380172268675077,气动快拧直通,气动元件 > 气动接头,,快拧直通6-04,个,,,,,,,,缺成本价+缺售价
1978377467303305218,气动快拧直通,气动元件 > 气动接头,,快拧直通6-M5,个,,,,,,,,缺成本价+缺售价
1978380172268675079,气动快拧直通,气动元件 > 气动接头,,快拧直通8-01,个,,,,,,,,缺成本价+缺售价
1945726345648574466,气动快拧直通,气动元件 > 气动接头,,快拧直通8-02,个,1.20,2.10,1.000,,,,,
1978380172268675080,气动快拧直通,气动元件 > 气动接头,,快拧直通8-03,个,,,,,,,,缺成本价+缺售价
1978380172268675081,气动快拧直通,气动元件 > 气动接头,,快拧直通8-04,个,,,,,,,,缺成本价+缺售价
1978380172268675078,气动快拧直通,气动元件 > 气动接头,,快拧直通8-M8,个,,,,,,,,缺成本价+缺售价
1946475309557649410,PA管（尼龙管）,气动元件 > 气管,铁壳虫,10*7.5捆,,112.00,196.00,,,,,,
1946475309578620930,PA管（尼龙管）,气动元件 > 气管,铁壳虫,10*7.5米,,1.12,3.00,,,,,,
1946475309561843713,PA管（尼龙管）,气动元件 > 气管,铁壳虫,12*10捆,,133.00,232.75,,,,,,
1946475309578620931,PA管（尼龙管）,气动元件 > 气管,铁壳虫,12*10米,,1.33,4.00,,,,,,
1945736201885487105,PA管（尼龙管）,气动元件 > 气管,铁壳虫,4*2.5捆,,94.00,164.50,,,,,,
1946475309570232321,PA管（尼龙管）,气动元件 > 气管,铁壳虫,4*2.5米,,0.47,1.00,,,,,,
1945736201889681409,PA管（尼龙管）,气动元件 > 气管,铁壳虫,6*4捆,,126.00,220.50,,,,,,
1946475309574426625,PA管（尼龙管）,气动元件 > 气管,铁壳虫,6*4米,,0.63,1.50,,,,,,
1946475309553455105,PA管（尼龙管）,气动元件 > 气管,铁壳虫,8*6捆,,80.00,140.00,,,,,,
1946475309574426626,PA管（尼龙管）,气动元件 > 气管,铁壳虫,8*6米,,0.80,2.00,,,,,,
1946477035912204291,PE管,气动元件 > 气管,力耐尔,10*7.5捆,,,,,,,,,缺成本价+缺售价
1946477035916398594,PE管,气动元件 > 气管,力耐尔,12*9捆,,80.00,4.00,,,,,,
1947227728876965894,PE管,气动元件 > 气管,力耐尔,12*9米,,0.80,1.40,,,,,,
1946477035920592898,PE管,气动元件 > 气管,力耐尔,14*10捆,,120.00,5.00,,,,,,
1947227728876965895,PE管,气动元件 > 气管,力耐尔,14*10米,,1.20,2.10,,,,,,
1947227728872771585,PE管,气动元件 > 气管,力耐尔,16*12捆,,150.00,262.50,,,,,,
1947227728876965896,PE管,气动元件 > 气管,力耐尔,16*12米,,1.50,2.63,,,,,,
1946477035903815683,PE管,气动元件 > 气管,力耐尔,6*4捆,,,,,,,,,缺成本价+缺售价
1946477035916398593,PE管,气动元件 > 气管,力耐尔,8*6捆,,,,,,,,,缺成本价+缺售价
1947235691050078211,PE管,气动元件 > 气管,环球牌,10*6.5白色,,50.00,87.50,,,,,,
1947235691050078212,PE管,气动元件 > 气管,环球牌,12*8白色,,65.00,113.75,,,,,,
1947235691050078213,PE管,气动元件 > 气管,环球牌,12*8红色,,65.00,113.75,,,,,,
1947235691045883906,PE管,气动元件 > 气管,环球牌,4*2.5白色,,30.00,52.50,,,,,,
1947235691045883907,PE管,气动元件 > 气管,环球牌,6*4蓝色（处理）,,35.00,61.25,,,,,,
1947235691050078210,PE管,气动元件 > 气管,环球牌,8*5白色,,30.00,52.50,,,,,,
1947244784070463490,PU管,气动元件 > 气管,威特,10*6.5/100M红色,捆,79.00,138.25,,,,,,
1945412110850756613,PU管,气动元件 > 气管,威特,10*6.5/100M透明,捆,79.00,138.25,,,,,,
1946394576365391875,PU管,气动元件 > 气管,威特,10*6.5/100M黑色,捆,79.00,138.25,,,,,,
1946394576361197569,PU管,气动元件 > 气管,威特,12*8/100M红色,捆,105.00,183.75,,,,,,
1946394576365391874,PU管,气动元件 > 气管,威特,12*8/100M蓝色,捆,105.00,183.75,,,,,,
1945412110854950915,PU管,气动元件 > 气管,威特,12*8/100M透明,捆,105.00,183.75,,,,,,
1945412110854950918,PU管,气动元件 > 气管,威特,14*10/100M透明,捆,144.00,252.00,,,,,,
1945412110859145220,PU管,气动元件 > 气管,威特,16*12/100M透明,捆,145.00,250.50,,,,,,
1947244784070463493,PU管,气动元件 > 气管,威特,4*2.5/200M红色,捆,40.00,65.00,,,,,,
1945407428350742529,PU管,气动元件 > 气管,威特,4*2.5/200M透明,捆,40.00,65.00,,,,,,
1945412110842368003,PU管,气动元件 > 气管,威特,6*4/200M红色,捆,76.00,140.00,,,,,,
1946397497169645570,PU管,气动元件 > 气管,威特,6*4/200M蓝色,捆,76.00,140.00,,,,,,
1945412110846562305,PU管,气动元件 > 气管,威特,6*4/200M透明,捆,76.00,140.00,,,,,,
1976122536420712449,PU管,气动元件 > 气管,威特,8*5/100M红色,捆,55.00,95.00,,,,,,
1946397497169645571,PU管,气动元件 > 气管,威特,8*5/100M蓝色,捆,55.00,95.00,,,,,,
1947244784070463491,PU管,气动元件 > 气管,威特,8*5/100M透明,捆,55.00,95.00,,,,,,
1945412110850756610,PU管,气动元件 > 气管,威特,8*5/100M黑色,捆,55.00,95.00,,,,,,
1947244784070463492,PU管,气动元件 > 气管,威特,8*6/100M透明,捆,55.00,95.00,,,,,,
1946481289003569156,PU管（米）,气动元件 > 气管,威特,10*6.5,米,0.79,1.38,,,,,,
1946481289007763457,PU管（米）,气动元件 > 气管,威特,12*8,米,1.05,1.84,,,,,,
1947230174428827650,PU管（米）,气动元件 > 气管,威特,14*10,米,1.44,2.52,,,,,,
1947230174428827651,PU管（米）,气动元件 > 气管,威特,16*12,米,1.58,2.77,,,,,,
1946481289003569153,PU管（米）,气动元件 > 气管,威特,4*2.5,米,0.20,0.35,,,,,,
1946481289003569154,PU管（米）,气动元件 > 气管,威特,6*4,米,0.33,0.58,,,,,,
1946481289003569155,PU管（米）,气动元件 > 气管,威特,8*5,米,0.55,0.96,,,,,,
1947231663276724225,PVC增强软管,气动元件 > 气管,,12*18,,180.00,315.00,,,,,,
1947231663276724226,PVC增强软管,气动元件 > 气管,,15*22,,135.00,236.25,,,,,,
1947231663276724227,PVC增强软管,气动元件 > 气管,,19*26,,170.00,297.50,,,,,,
1958814887832489985,伸缩管,气动元件 > 气管,环球牌,8*5 6M,条,,,,,,,,缺成本价+缺售价
1957726133373943813,伸缩管,气动元件 > 气管,艾斯拓,6*4 (6M),条,,,,,,,,缺成本价+缺售价
1957726133373943811,伸缩管,气动元件 > 气管,艾斯拓,8*5 (12M),条,,,,,,,,缺成本价+缺售价
1957726133373943810,伸缩管,气动元件 > 气管,艾斯拓,8*5 (15M),条,,,,,,,,缺成本价+缺售价
1957726133373943812,伸缩管,气动元件 > 气管,艾斯拓,8*5 (6M),条,,10.50,,,,,,缺成本价
1947244870099832833,尼龙管（亚太 比较软）,气动元件 > 气管,亚太,10*1,捆,800.00,,,,,,,缺售价
1947244870099832834,尼龙管（亚太 比较软）,气动元件 > 气管,亚太,12*1,捆,1000.00,,,,,,,缺售价
1947244870095638531,尼龙管（亚太 比较软）,气动元件 > 气管,亚太,8*6,捆,200.00,700.00,,,,,,
1947232255063658498,水平管,气动元件 > 气管,,10*10,,42.00,73.50,5.000,,,,,
1947233034004631553,铝塑管,气动元件 > 气管,,14*18,,190.00,332.50,,,,,,
1947248442107531266,高压夹线管,气动元件 > 气管,,12*8,捆,,,,,,,,缺成本价+缺售价
1947231957578452994,黄皮管,气动元件 > 气管,,10*16,,150.00,262.50,,,,,,
1957000610813362178,不锈钢球阀,气动元件 > 气源处理器,,内外牙2分,,4.80,,,,,,,缺售价
1992811170330918914,快速排气阀,气动元件 > 气源处理器,亚德客(AirTac),QE03,个,4.50,8.00,,,,,,
1958494149191680001,油雾器专用油,气动元件 > 气源处理器,海达（HNDA）,1000ml（黑瓶）,瓶,,,,,,,,缺成本价+缺售价
1959537281136058369,润滑器,气动元件 > 气源处理器,,X型齿轮泵,个,,,,,,,,缺成本价+缺售价
1960505151722676228,调压过滤器,气动元件 > 气源处理器,,AC2010-02,,,45.00,,,,,,缺成本价
1960505151722676229,调压过滤器,气动元件 > 气源处理器,,AR-2000,,,,,,,,,缺成本价+缺售价
1960505151722676226,调压过滤器,气动元件 > 气源处理器,,AW200A-02,,,,,,,,,缺成本价+缺售价
1960504147665018882,调压过滤器,气动元件 > 气源处理器,,AW4000-04,,,,,,,,,缺成本价+缺售价
1960505151722676227,调压过滤器,气动元件 > 气源处理器,,AW4000-04D,,,,,,,,,缺成本价+缺售价
1960505151722676232,调压过滤器,气动元件 > 气源处理器,,B07-201-M1KG,,,,,,,,,缺成本价+缺售价
1960505151722676231,调压过滤器,气动元件 > 气源处理器,,BFR-3000,,,,,,,,,缺成本价+缺售价
1960505151722676230,调压过滤器,气动元件 > 气源处理器,,BL-3000,,,,,,,,,缺成本价+缺售价
1959082643031101441,调压过滤器,气动元件 > 气源处理器,亚德客(AirTac),ACR2000,个,18.00,30.00,,,,,,
1959536544234594305,调压过滤器,气动元件 > 气源处理器,亚德客(AirTac),AFC2000,个,18.00,30.00,,,,,,
1959067125591085058,调压过滤器,气动元件 > 气源处理器,亚德客(AirTac),AFR2000,个,18.00,30.00,,,,,,
1967763690367336449,调压过滤器,气动元件 > 气源处理器,亚德客(AirTac),BFC2000,个,,,,,,,,缺成本价+缺售价
1961772704793178113,调压过滤器,气动元件 > 气源处理器,亚德客(AirTac),BFC3000,个,,,,,,,,缺成本价+缺售价
1958497020150824961,调压过滤器,气动元件 > 气源处理器,亚德客(AirTac),BFR2000,个,,,,,,,,缺成本价+缺售价
2005193381493948417,调压过滤器,气动元件 > 气源处理器,亚德客(AirTac),BFR4000,个,,,,,,,,缺成本价+缺售价
1961770162671661057,调压过滤器,气动元件 > 气源处理器,亚德客(AirTac),GFC-300-10,个,,,,,,,,缺成本价+缺售价
1961752000395804673,调压过滤器,气动元件 > 气源处理器,亚德客(AirTac),GFC300-10,个,,,,,,,,缺成本价+缺售价
1959536456376508418,调压过滤器,气动元件 > 气源处理器,宝丰（BAOF）,AC3010-03,个,,,,,,,,缺成本价+缺售价
1961767579265609729,调压过滤器,气动元件 > 气源处理器,山耐斯,SFC-02,个,,,,,,,,缺成本价+缺售价
1961767579273998337,调压过滤器,气动元件 > 气源处理器,山耐斯,SFC-04,个,,,,,,,,缺成本价+缺售价
1961752195120562177,调压过滤器,气动元件 > 气源处理器,山耐斯,"SFC400 1/2""",个,,,,,,,,缺成本价+缺售价
1959066154219638786,调压过滤器,气动元件 > 气源处理器,海达（HNDA）,AFR2000,个,,,,,,,,缺成本价+缺售价
1961751618592505857,调压过滤器,气动元件 > 气源处理器,海达（HNDA）,GFC300-10,个,,,,,,,,缺成本价+缺售价
1959535540139188226,调压过滤器,气动元件 > 气源处理器,盛达(SDPC),AFC2000,个,,,,,,,,缺成本价+缺售价
1959065767785828353,调压过滤器,气动元件 > 气源处理器,盛达(SDPC),AFR2000,个,,,,,,,,缺成本价+缺售价
1959535586746294273,调压过滤器,气动元件 > 气源处理器,盛达(SDPC),BFC2000A,个,,,,,,,,缺成本价+缺售价
1959535692350480385,调压过滤器,气动元件 > 气源处理器,盛达(SDPC),BFC3000A,个,,,,,,,,缺成本价+缺售价
1959535692350480386,调压过滤器,气动元件 > 气源处理器,盛达(SDPC),BFC4000A,个,,,,,,,,缺成本价+缺售价
1958506504076169217,调压过滤器,气动元件 > 气源处理器,盛达(SDPC),BFR3000A,个,,,,,,,,缺成本价+缺售价
2005193881010388994,调压过滤器,气动元件 > 气源处理器,盛达(SDPC),BFR4000A,个,,,,,,,,缺成本价+缺售价
1959536668620873730,调压过滤器,气动元件 > 气源处理器,盛达(SDPC),SFC-04,个,,,,,,,,缺成本价+缺售价
1961770343064481793,调压过滤器（其他）,气动元件 > 气源处理器,,AC3010-03,个,,,,,,,,缺成本价+缺售价
1961768205743632386,调压阀,气动元件 > 气源处理器,MODEL,HR 30,个,,,,,,,,缺成本价+缺售价
1958497020155019265,调压阀,气动元件 > 气源处理器,亚德客(AirTac),AR2000,个,,25.00,,,,,,缺成本价
1958505170740482049,调压阀,气动元件 > 气源处理器,亚德客(AirTac),BR2000,个,,,,,,,,缺成本价+缺售价
1958505170736287745,调压阀,气动元件 > 气源处理器,亚德客(AirTac),BR3000,个,,,,,,,,缺成本价+缺售价
1958505170732093441,调压阀,气动元件 > 气源处理器,亚德客(AirTac),BR4000,个,,,,,,,,缺成本价+缺售价
1961752423781433346,调压阀,气动元件 > 气源处理器,宝丰（BAOF）,AR5000-10,个,,,,,,,,缺成本价+缺售价
1961752527829532674,调压阀,气动元件 > 气源处理器,海达（HNDA）,AR5000-10,个,,,,,,,,缺成本价+缺售价
1961752633295306754,调压阀,气动元件 > 气源处理器,百灵（BLCH）,AR2000-02,个,,25.00,,,,,,缺成本价
1958505996372447233,调压阀,气动元件 > 气源处理器,盛达(SDPC),AR2000,个,,25.00,,,,,,缺成本价
1958505996380835842,调压阀,气动元件 > 气源处理器,盛达(SDPC),BR2000A,个,,,,,,,,缺成本价+缺售价
1958505996376641538,调压阀,气动元件 > 气源处理器,盛达(SDPC),BR3000A,个,,,,,,,,缺成本价+缺售价
1958505996372447234,调压阀,气动元件 > 气源处理器,盛达(SDPC),BR4000A,个,,,,,,,,缺成本价+缺售价
1957705703204372481,吹尘枪,气动元件 > 气动工具,AT10,黄色 AT10,把,,,,,,,,缺成本价+缺售价
1957705468264628225,吹尘枪,气动元件 > 气动工具,DADA,红色 B13,把,,,,,,,,缺成本价+缺售价
1957705468260433922,吹尘枪,气动元件 > 气动工具,DADA,蓝盒 B13,把,,,,,,,,缺成本价+缺售价
1957705592571215874,吹尘枪,气动元件 > 气动工具,海达（HNDA）,HNDA黑红,把,,5.00,,,,,,缺成本价
1957725699368337410,吹尘枪,气动元件 > 气动工具,海达（HNDA）,HNDA黑红 (长的),把,,,,,,,,缺成本价+缺售价
1950557677427892230,MOB油缸,液压元件 > 液压油缸,,MOB100*100,条,218.00,253.00,,,,,,
1950557677427892231,MOB油缸,液压元件 > 液压油缸,,MOB100*125,条,230.00,265.00,,,,,,
1950557677427892232,MOB油缸,液压元件 > 液压油缸,,MOB100*150,条,230.00,265.00,,,,,,
1950557677427892233,MOB油缸,液压元件 > 液压油缸,,MOB100*175,条,262.00,297.00,,,,,,
1950558001697923073,MOB油缸,液压元件 > 液压油缸,,MOB100*200,条,262.00,297.00,,,,,,
1950558001697923074,MOB油缸,液压元件 > 液压油缸,,MOB100*250,条,295.20,330.20,,,,,,
1950558001697923075,MOB油缸,液压元件 > 液压油缸,,MOB100*300,条,311.20,346.20,,,,,,
1950558001697923076,MOB油缸,液压元件 > 液压油缸,,MOB100*350,条,330.00,365.00,,,,,,
1950558001697923077,MOB油缸,液压元件 > 液压油缸,,MOB100*400,条,352.00,387.00,,,,,,
1950558001697923078,MOB油缸,液压元件 > 液压油缸,,MOB100*450,条,375.20,410.20,,,,,,
1950557677427892227,MOB油缸,液压元件 > 液压油缸,,MOB100*50,条,212.00,247.00,,,,,,
1950557677427892228,MOB油缸,液压元件 > 液压油缸,,MOB100*75,条,218.00,253.00,,,,,,
1950558001702117385,MOB油缸,液压元件 > 液压油缸,,MOB150*150,条,270.00,305.00,,,,,,
1950556943869288449,MOB油缸,液压元件 > 液压油缸,,MOB32*100,条,70.00,105.00,,,,,,
1950556943869288450,MOB油缸,液压元件 > 液压油缸,,MOB32*125,条,75.20,110.20,,,,,,
1950556943869288451,MOB油缸,液压元件 > 液压油缸,,MOB32*150,条,75.20,110.20,,,,,,
1950556943873482756,MOB油缸,液压元件 > 液压油缸,,MOB32*300,条,99.20,134.20,,,,,,
1950556943873482757,MOB油缸,液压元件 > 液压油缸,,MOB32*350,条,107.20,142.20,,,,,,
1950556943865094148,MOB油缸,液压元件 > 液压油缸,,MOB32*50,条,67.20,102.20,,,,,,
1950556943865094149,MOB油缸,液压元件 > 液压油缸,,MOB32*75,条,70.00,105.00,,,,,,
1950556943873482766,MOB油缸,液压元件 > 液压油缸,,MOB40*100,条,70.00,105.00,,,,,,
1950556943873482767,MOB油缸,液压元件 > 液压油缸,,MOB40*125,条,75.20,110.20,,,,,,
1950556943873482768,MOB油缸,液压元件 > 液压油缸,,MOB40*150,条,75.20,110.20,,,,,,
1950556943877677058,MOB油缸,液压元件 > 液压油缸,,MOB40*175,条,82.00,117.00,,,,,,
1950556943877677059,MOB油缸,液压元件 > 液压油缸,,MOB40*200,条,82.00,117.00,,,,,,
1950556943873482761,MOB油缸,液压元件 > 液压油缸,,MOB40*25,条,65.00,100.00,,,,,,
1950556943877677060,MOB油缸,液压元件 > 液压油缸,,MOB40*250,条,90.00,125.00,,,,,,
1950556943877677061,MOB油缸,液压元件 > 液压油缸,,MOB40*300,条,99.20,134.20,,,,,,
1950556943877677062,MOB油缸,液压元件 > 液压油缸,,MOB40*350,条,107.20,142.20,,,,,,
1950556943873482762,MOB油缸,液压元件 > 液压油缸,,MOB40*40,条,67.20,102.20,,,,,,
1950556943877677063,MOB油缸,液压元件 > 液压油缸,,MOB40*400,条,112.00,147.00,,,,,,
1950556943877677064,MOB油缸,液压元件 > 液压油缸,,MOB40*450,条,115.00,150.00,,,,,,
1950556943873482763,MOB油缸,液压元件 > 液压油缸,,MOB40*50,条,67.20,102.20,,,,,,
1950556943873482764,MOB油缸,液压元件 > 液压油缸,,MOB40*75,条,70.00,105.00,,,,,,
1950556943877677070,MOB油缸,液压元件 > 液压油缸,,MOB50*100,条,74.00,109.00,,,,,,
1950556943877677071,MOB油缸,液压元件 > 液压油缸,,MOB50*125,条,80.00,115.00,,,,,,
1950556943877677072,MOB油缸,液压元件 > 液压油缸,,MOB50*150,条,80.00,115.00,,,,,,
1950556943877677073,MOB油缸,液压元件 > 液压油缸,,MOB50*175,条,88.00,123.00,,,,,,
1950556943877677074,MOB油缸,液压元件 > 液压油缸,,MOB50*200,条,88.00,123.00,,,,,,
1950556943877677075,MOB油缸,液压元件 > 液压油缸,,MOB50*250,条,97.20,132.20,,,,,,
1950556943877677076,MOB油缸,液压元件 > 液压油缸,,MOB50*300,条,105.20,140.20,,,,,,
1950556943881871362,MOB油缸,液压元件 > 液压油缸,,MOB50*350,条,113.20,148.20,,,,,,
2068604813702676481,MOB油缸,液压元件 > 液压油缸,,MOB50*40,条,70.00,105.00,,,,,,
1950556943881871363,MOB油缸,液压元件 > 液压油缸,,MOB50*400,条,121.20,156.20,,,,,,
1950556943881871364,MOB油缸,液压元件 > 液压油缸,,MOB50*450,条,130.00,165.00,,,,,,
1950558919357112321,MOB油缸,液压元件 > 液压油缸,,MOB50*50,条,70.00,105.00,,,,,,
1950556943881871365,MOB油缸,液压元件 > 液压油缸,,MOB50*500,条,142.00,177.00,,,,,,
1950556943877677068,MOB油缸,液压元件 > 液压油缸,,MOB50*75,条,74.00,109.00,,,,,,
1950556943881871371,MOB油缸,液压元件 > 液压油缸,,MOB63*100,条,102.00,137.00,,,,,,
1950556943881871372,MOB油缸,液压元件 > 液压油缸,,MOB63*125,条,110.00,145.00,,,,,,
1950556943881871373,MOB油缸,液压元件 > 液压油缸,,MOB63*150,条,110.00,145.00,,,,,,
1950556943881871374,MOB油缸,液压元件 > 液压油缸,,MOB63*175,条,114.00,149.00,,,,,,
1950556943881871375,MOB油缸,液压元件 > 液压油缸,,MOB63*200,条,122.00,157.00,,,,,,
1950557677419503618,MOB油缸,液压元件 > 液压油缸,,MOB63*250,条,133.20,168.20,,,,,,
1950557677419503619,MOB油缸,液压元件 > 液压油缸,,MOB63*300,条,146.00,181.00,,,,,,
1950557677419503620,MOB油缸,液压元件 > 液压油缸,,MOB63*350,条,160.00,195.00,,,,,,
1950557677419503621,MOB油缸,液压元件 > 液压油缸,,MOB63*400,条,171.20,206.20,,,,,,
1950557677423697922,MOB油缸,液压元件 > 液压油缸,,MOB63*450,条,183.20,218.20,,,,,,
1950556943881871368,MOB油缸,液压元件 > 液压油缸,,MOB63*50,条,97.20,132.20,,,,,,
1950557677423697923,MOB油缸,液压元件 > 液压油缸,,MOB63*500,条,195.20,230.20,,,,,,
1950556943881871369,MOB油缸,液压元件 > 液压油缸,,MOB63*75,条,102.00,137.00,,,,,,
1950557677423697929,MOB油缸,液压元件 > 液压油缸,,MOB80*100,条,145.20,180.20,,,,,,
1950557677423697930,MOB油缸,液压元件 > 液压油缸,,MOB80*125,条,155.20,190.20,,,,,,
1950557677423697931,MOB油缸,液压元件 > 液压油缸,,MOB80*150,条,155.20,190.20,,,,,,
1950557677423697932,MOB油缸,液压元件 > 液压油缸,,MOB80*175,条,163.20,198.20,,,,,,
1950557677423697933,MOB油缸,液压元件 > 液压油缸,,MOB80*200,条,163.20,198.20,,,,,,
1950557677423697934,MOB油缸,液压元件 > 液压油缸,,MOB80*250,条,170.00,205.00,,,,,,
1950557677423697935,MOB油缸,液压元件 > 液压油缸,,MOB80*300,条,186.00,221.00,,,,,,
1950557677423697936,MOB油缸,液压元件 > 液压油缸,,MOB80*350,条,198.00,233.00,,,,,,
1950557677423697937,MOB油缸,液压元件 > 液压油缸,,MOB80*400,条,215.20,250.20,,,,,,
1950557677423697938,MOB油缸,液压元件 > 液压油缸,,MOB80*450,条,230.00,265.00,,,,,,
1950557677423697926,MOB油缸,液压元件 > 液压油缸,,MOB80*50,条,130.00,165.00,,,,,,
1950557677423697939,MOB油缸,液压元件 > 液压油缸,,MOB80*500,条,241.20,276.20,,,,,,
1950557677423697927,MOB油缸,液压元件 > 液压油缸,,MOB80*75,条,145.20,180.20,,,,,,
1957407323634843650,液压电磁阀,液压元件 > 液压阀,XD,34BO-B10H-T,个,,,,,,,,缺成本价+缺售价
1957406552277172226,液压电磁阀,液压元件 > 液压阀,YOULIDA,DSG-02-2B2-DL (220V),个,85.00,,,,,,,缺售价
1957406552277172228,液压电磁阀,液压元件 > 液压阀,YOULIDA,DSG-02-2B2-DL (24V),个,85.00,,,,,,,缺售价
1957406552277172227,液压电磁阀,液压元件 > 液压阀,YOULIDA,DSG-02-2B2-LW (220V),个,85.00,,,,,,,缺售价
1957407043904126977,液压电磁阀,液压元件 > 液压阀,YOULIDA,DSG-02-3C2-DL (24V),个,110.00,,,,,,,缺售价
1957406552272977921,液压电磁阀,液压元件 > 液压阀,YOULIDA,DSG-03-3C2-DL (220V),个,185.00,,,,,,,缺售价
1957407646281678850,液压电磁阀,液压元件 > 液压阀,万尔福(WANERF),DMG-02-3C6-0180,个,,,,,,,,缺成本价+缺售价
1957313804383600641,液压电磁阀,液压元件 > 液压阀,三阳,DSG-03-3C6 (220V),个,170.00,,,,,,,缺售价
1998598335916752900,液压电磁阀,液压元件 > 液压阀,威特, DSG-02-2B2-LW(220V),个,,,,,,,,缺成本价+缺售价
1998598335916752902,液压电磁阀,液压元件 > 液压阀,威特, DSG-02-2B2B-DL(220V),个,,,,,,,,缺成本价+缺售价
1998598335916752903,液压电磁阀,液压元件 > 液压阀,威特, DSG-02-2B2B-DL(24V),个,,,,,,,,缺成本价+缺售价
1998598335916752901,液压电磁阀,液压元件 > 液压阀,威特, DSG-02-2B2B-LW(24V),个,,,,,,,,缺成本价+缺售价
1998598335912558600,液压电磁阀,液压元件 > 液压阀,威特, DSG-02-2B3B-DL(24V),个,,,,,,,,缺成本价+缺售价
1998598335916752904,液压电磁阀,液压元件 > 液压阀,威特, DSG-02-2D2-LW(110V),个,,,,,,,,缺成本价+缺售价
1998598335929335811,液压电磁阀,液压元件 > 液压阀,威特, DSG-02-3C6-DL(220V),个,,,,,,,,缺成本价+缺售价
1998598335929335815,液压电磁阀,液压元件 > 液压阀,威特, DSG-02-3C6-LW(220V),个,,,,,,,,缺成本价+缺售价
1998598335912558601,液压电磁阀,液压元件 > 液压阀,威特, DSG-03-2B3B-DL(220V),个,,,,,,,,缺成本价+缺售价
1998598335925141510,液压电磁阀,液压元件 > 液压阀,威特, DSG-03-3C12-DL(24V),个,,,,,,,,缺成本价+缺售价
1998598335925141509,液压电磁阀,液压元件 > 液压阀,威特, DSG-03-3C12-LW(24V),个,,,,,,,,缺成本价+缺售价
1998598335920947204,液压电磁阀,液压元件 > 液压阀,威特, DSG-03-3C2-DL(220V),个,,,,,,,,缺成本价+缺售价
1998598335920947208,液压电磁阀,液压元件 > 液压阀,威特, DSG-03-3C4-DL(220V),个,,,,,,,,缺成本价+缺售价
1998598335920947205,液压电磁阀,液压元件 > 液压阀,威特, DSG-03-3C4-DL(24V),个,,,,,,,,缺成本价+缺售价
1998598335925141512,液压电磁阀,液压元件 > 液压阀,威特, DSG-03-3C4-LW(220V),个,,,,,,,,缺成本价+缺售价
1998598335925141511,液压电磁阀,液压元件 > 液压阀,威特, DSG-03-3C4-LW(24V),个,,,,,,,,缺成本价+缺售价
1998598335925141508,液压电磁阀,液压元件 > 液压阀,威特, DSG-03-3C5-DL(110V),个,,,,,,,,缺成本价+缺售价
1998598335920947207,液压电磁阀,液压元件 > 液压阀,威特, DSG-03-3C6-DL(220V),个,,,,,,,,缺成本价+缺售价
1998598335920947209,液压电磁阀,液压元件 > 液压阀,威特, DSG-03-3C6-DL(24V),个,,,,,,,,缺成本价+缺售价
1998598335920947210,液压电磁阀,液压元件 > 液压阀,威特, DSG-03-3C6-LW(220V),个,,,,,,,,缺成本价+缺售价
1998598335920947211,液压电磁阀,液压元件 > 液压阀,威特, DSG-03-3C6-LW(24V),个,,,,,,,,缺成本价+缺售价
1998598335925141513,液压电磁阀,液压元件 > 液压阀,威特, DSG-03-3C8-DL(220V),个,,,,,,,,缺成本价+缺售价
1957406146260156424,液压电磁阀,液压元件 > 液压阀,威特,2BH-B10H-T,个,,,,,,,,缺成本价+缺售价
1998598335908364290,液压电磁阀,液压元件 > 液压阀,威特,34SM-L10H-T,个,,,,,,,,缺成本价+缺售价
1998598335916752899,液压电磁阀,液压元件 > 液压阀,威特,3C12(24V),个,,,,,,,,缺成本价+缺售价
1998598335912558595,液压电磁阀,液压元件 > 液压阀,威特,3C12-DL(24V),个,,,,,,,,缺成本价+缺售价
1998598335916752898,液压电磁阀,液压元件 > 液压阀,威特,3CQ(24V),个,,,,,,,,缺成本价+缺售价
1957406146251767812,液压电磁阀,液压元件 > 液压阀,威特,4WE10D (220V),个,,,,,,,,缺成本价+缺售价
1957406146251767816,液压电磁阀,液压元件 > 液压阀,威特,4WE10D 3X 10F CG24N25,个,,,,,,,,缺成本价+缺售价
1998598335920947203,液压电磁阀,液压元件 > 液压阀,威特,4WE10D(220V),个,,,,,,,,缺成本价+缺售价
1998598335925141507,液压电磁阀,液压元件 > 液压阀,威特,4WE10E-3X/CG24NZ5L,个,,,,,,,,缺成本价+缺售价
1998598335925141506,液压电磁阀,液压元件 > 液压阀,威特,4WE10E-DL(220V),个,,,,,,,,缺成本价+缺售价
1998598335925141505,液压电磁阀,液压元件 > 液压阀,威特,4WE10E-DL(24V),个,,,,,,,,缺成本价+缺售价
1998598335920947206,液压电磁阀,液压元件 > 液压阀,威特,4WE10G-3X/CW24N5ZL,个,,,,,,,,缺成本价+缺售价
1957406146251767813,液压电磁阀,液压元件 > 液压阀,威特,4WE10VB (24V),个,,,,,,,,缺成本价+缺售价
1998598335929335813,液压电磁阀,液压元件 > 液压阀,威特,4WE60E(220V),个,,,,,,,,缺成本价+缺售价
1998598335929335812,液压电磁阀,液压元件 > 液压阀,威特,4WE60E-A240-JY4,个,,,,,,,,缺成本价+缺售价
1998598335916752905,液压电磁阀,液压元件 > 液压阀,威特,4WE6D-6X/EG24NZ5L,个,,,,,,,,缺成本价+缺售价
1998598335916752907,液压电磁阀,液压元件 > 液压阀,威特,4WE6D-6X/EW220NZ5L,个,,,,,,,,缺成本价+缺售价
1998598335916752906,液压电磁阀,液压元件 > 液压阀,威特,4WE6D-6X/OFEW220NZ5L,个,,,,,,,,缺成本价+缺售价
1957406146255962119,液压电磁阀,液压元件 > 液压阀,威特,4WE6E-3X (220V),个,,,,,,,,缺成本价+缺售价
1957406146251767821,液压电磁阀,液压元件 > 液压阀,威特,4WE6E6X (220V),个,,,,,,,,缺成本价+缺售价
1957406146255962118,液压电磁阀,液压元件 > 液压阀,威特,4WE6G-6X (24V),个,,,,,,,,缺成本价+缺售价
1957406146255962115,液压电磁阀,液压元件 > 液压阀,威特,4WE6H (220V),个,,,,,,,,缺成本价+缺售价
1957406146255962125,液压电磁阀,液压元件 > 液压阀,威特,4WE6H 6X/EG (220V),个,,,,,,,,缺成本价+缺售价
1957406146251767824,液压电磁阀,液压元件 > 液压阀,威特,4WE6H6X (220V),个,,,,,,,,缺成本价+缺售价
1957406146251767825,液压电磁阀,液压元件 > 液压阀,威特,4WE6H6X (24V),个,,,,,,,,缺成本价+缺售价
1998598335929335816,液压电磁阀,液压元件 > 液压阀,威特,4WE6J-61B/CG24NZ4,个,,,,,,,,缺成本价+缺售价
1998598335929335814,液压电磁阀,液压元件 > 液压阀,威特,4WE6J-6X/EG24NZ5L,个,,,,,,,,缺成本价+缺售价
1957406146255962114,液压电磁阀,液压元件 > 液压阀,威特,4WEGM-L 6X (24V),个,,,,,,,,缺成本价+缺售价
1957406146251767820,液压电磁阀,液压元件 > 液压阀,威特,6WE6G6X (220V),个,,,,,,,,缺成本价+缺售价
1998598335925141514,液压电磁阀,液压元件 > 液压阀,威特,BSG-03-2P,个,,,,,,,,缺成本价+缺售价
1998598335912558598,液压电磁阀,液压元件 > 液压阀,威特,DSG-02-2A-DL(24V),个,,,,,,,,缺成本价+缺售价
1957406146264350723,液压电磁阀,液压元件 > 液压阀,威特,DSG-02-2B2-DL (24V),个,85.00,,,,,,,缺售价
1957406146264350722,液压电磁阀,液压元件 > 液压阀,威特,DSG-02-2B2-LW (220V),个,85.00,,,,,,,缺售价
1957406146251767810,液压电磁阀,液压元件 > 液压阀,威特,DSG-02-2B2-LW (24V),个,85.00,,,,,,,缺售价
1998598335912558599,液压电磁阀,液压元件 > 液压阀,威特,DSG-02-2B3B-DL(220V),个,,,,,,,,缺成本价+缺售价
1957406146260156418,液压电磁阀,液压元件 > 液压阀,威特,DSG-02-3C2-DL (220V),个,120.00,,,,,,,缺售价
1957406146260156422,液压电磁阀,液压元件 > 液压阀,威特,DSG-02-3C2-DL (24V),个,110.00,,,,,,,缺售价
1957406146260156423,液压电磁阀,液压元件 > 液压阀,威特,DSG-02-3C2-DL R (220V),个,,,,,,,,缺成本价+缺售价
1957406146255962120,液压电磁阀,液压元件 > 液压阀,威特,DSG-02-3C3-DL (24V),个,110.00,,,,,,,缺售价
1957406146260156420,液压电磁阀,液压元件 > 液压阀,威特,DSG-02-3C3-LW (220V),个,110.00,,,,,,,缺售价
1957406146255962121,液压电磁阀,液压元件 > 液压阀,威特,DSG-02-3C3-LW (24V),个,110.00,,,,,,,缺售价
1957406146260156419,液压电磁阀,液压元件 > 液压阀,威特,DSG-02-3C4-LW (220V),个,110.00,,,,,,,缺售价
1957406146255962117,液压电磁阀,液压元件 > 液压阀,威特,DSG-02-3C4-LW (24V),个,110.00,,,,,,,缺售价
1957406146255962127,液压电磁阀,液压元件 > 液压阀,威特,DSG-02-3C5-DL (220V),个,110.00,,,,,,,缺售价
1957406146255962126,液压电磁阀,液压元件 > 液压阀,威特,DSG-02-3C5-DL (24V),个,115.00,,,,,,,缺售价
1957406146255962122,液压电磁阀,液压元件 > 液压阀,威特,DSG-02-3C6-DL (220V),个,115.00,,,,,,,缺售价
1957406146255962123,液压电磁阀,液压元件 > 液压阀,威特,DSG-02-3C6-DL (24V),个,115.00,,,,,,,缺售价
1957406146260156425,液压电磁阀,液压元件 > 液压阀,威特,DSG-02-3C6-DL R (220V),个,115.00,,,,,,,缺售价
1957406146255962124,液压电磁阀,液压元件 > 液压阀,威特,DSG-02-3C60-DL (220V),个,115.00,,,,,,,缺售价
1957406146255962116,液压电磁阀,液压元件 > 液压阀,威特,DSG-02-3C9-DL (220V),个,110.00,,,,,,,缺售价
1957406146251767814,液压电磁阀,液压元件 > 液压阀,威特,DSG-02-3C9-DL (24V),个,110.00,,,,,,,缺售价
1957406146251767822,液压电磁阀,液压元件 > 液压阀,威特,DSG-02A-3C2 (220V),个,110.00,,,,,,,缺售价
1957406146251767823,液压电磁阀,液压元件 > 液压阀,威特,DSG-02A-3C2-2A (220V),个,110.00,,,,,,,缺售价
1957406146260156421,液压电磁阀,液压元件 > 液压阀,威特,DSG-02A-3C2-A2 (220V),个,110.00,,,,,,,缺售价
1998598335912558594,液压电磁阀,液压元件 > 液压阀,威特,DSG-03-2B2-DL (24V),个,,,,,,,,缺成本价+缺售价
1998598335912558596,液压电磁阀,液压元件 > 液压阀,威特,DSG-03-2B2-LW (220V),个,,,,,,,,缺成本价+缺售价
1957406146251767809,液压电磁阀,液压元件 > 液压阀,威特,DSG-03-2B2-LW (24V),个,150.00,,,,,,,缺售价
1957406146251767817,液压电磁阀,液压元件 > 液压阀,威特,DSG-03-2B3B-DL (220V),个,145.00,,,,,,,缺售价
1957406146251767818,液压电磁阀,液压元件 > 液压阀,威特,DSG-03-2B3B-DL (24V),个,145.00,,,,,,,缺售价
1998598335912558597,液压电磁阀,液压元件 > 液压阀,威特,DSG-03-2B4B-DL(220V),个,,,,,,,,缺成本价+缺售价
1957406146247573506,液压电磁阀,液压元件 > 液压阀,威特,DSG-03-3C2-DL (220V),个,190.00,,,,,,,缺售价
1957406146247573507,液压电磁阀,液压元件 > 液压阀,威特,DSG-03-3C2-LW (24V),个,190.00,,,,,,,缺售价
1957406146247573505,液压电磁阀,液压元件 > 液压阀,威特,DSG-03-3C6-DL (220V),个,190.00,,,,,,,缺售价
1957406146260156426,液压电磁阀,液压元件 > 液压阀,威特,DSG-04-3C2-DL (220V),个,115.00,,,,,,,缺售价
1998598335912558593,液压电磁阀,液压元件 > 液压阀,威特,FMS-G06-02T(220V),个,,,,,,,,缺成本价+缺售价
1957406146251767811,液压电磁阀,液压元件 > 液压阀,威特,MODEL-XCBC-DL (220V),个,,,,,,,,缺成本价+缺售价
1957406146251767819,液压电磁阀,液压元件 > 液压阀,威特,MTCV-03W,个,,,,,,,,缺成本价+缺售价
1957406146251767815,液压电磁阀,液压元件 > 液压阀,威特,MTV-02W,个,,,,,,,,缺成本价+缺售价
1998598335929335810,液压电磁阀,液压元件 > 液压阀,威特,WE-2B2-03-A230-2D,个,,,,,,,,缺成本价+缺售价
1998598335916752897,液压电磁阀,液压元件 > 液压阀,威特,XCBC-02(220V),个,,,,,,,,缺成本价+缺售价
1998598335920947202,液压电磁阀,液压元件 > 液压阀,威特,YF-L10H2-S,个,,,,,,,,缺成本价+缺售价
1998590932840169474,液压电磁阀,液压元件 > 液压阀,联心(LIANXING),DSG-03-2B2-DL(220V),个,,,,,,,,缺成本价+缺售价
1998590932840169473,液压电磁阀,液压元件 > 液压阀,联心(LIANXING),DSG-03-2B2B-DL(220V),个,,,,,,,,缺成本价+缺售价
1998590932835975169,液压电磁阀,液压元件 > 液压阀,联心(LIANXING),DSG-03-2B4B-DL(24V),个,,,,,,,,缺成本价+缺售价
1957406965852323842,液压电磁阀,液压元件 > 液压阀,联心(LIANXING),DSG-03-3C2-DL (220V),个,185.00,,,,,,,缺售价
1998600614090719234,液压电磁阀(上海液压气动总公司）,液压元件 > 液压阀,,24D-2B(220V),,,,,,,,,缺成本价+缺售价
1957407835058913282,液压电磁阀(其他),液压元件 > 液压阀,,02-3C2,个,110.00,,,,,,,缺售价
1957407835063107586,液压电磁阀(其他),液压元件 > 液压阀,,34So-H10B-T,个,,,,,,,,缺成本价+缺售价
1998600205636812801,液压电磁阀（JIE&MING）,液压元件 > 液压阀,,A2Y-HB10B,,,,,,,,,缺成本价+缺售价
1998600205636812802,液压电磁阀（JIE&MING）,液压元件 > 液压阀,,MFBI-55YC(220V),,,,,,,,,缺成本价+缺售价
1998600205641007106,液压电磁阀（JIE&MING）,液压元件 > 液压阀,,YF-L10H2-S,,,,,,,,,缺成本价+缺售价
1998599566051590145,液压电磁阀（交大南洋）,液压元件 > 液压阀,,DSHG-04-3C2-T,,,,,,,,,缺成本价+缺售价
2082348485029412867,液控单向阀,液压元件 > 液压阀,,A2Y-H10B,,,,,,,,,缺成本价+缺售价
2082348485029412866,液控单向阀,液压元件 > 液压阀,,CPDG-03,,,,,,,,,缺成本价+缺售价
2082348676050599938,溢流阀,液压元件 > 液压阀,,AF-L10H2-S,,,,,,,,,缺成本价+缺售价
2082348732015198210,溢流阀,液压元件 > 液压阀,,AF-L10H3-S,,,,,,,,,缺成本价+缺售价
2082348063342477316,溢流阀,液压元件 > 液压阀,,BSG-03-2P,,,,,,,,,缺成本价+缺售价
2082348063342477315,溢流阀,液压元件 > 液压阀,,BSG-03-H,,,,,,,,,缺成本价+缺售价
2082348624909451265,溢流阀,液压元件 > 液压阀,,RV-06G,,,,,,,,,缺成本价+缺售价
2082349356865830915,电磁调速阀,液压元件 > 液压阀,,FMS-G06-02T 220V,,,,,,,,,缺成本价+缺售价
2082335555428827140,MCY14-1B,液压元件 > 液压泵,,MCY14-1B10,,,,,,,,,缺成本价+缺售价
2082335555428827141,MCY14-1B,液压元件 > 液压泵,,MCY14-1B16,,,,,,,,,缺成本价+缺售价
2082335555428827143,MCY14-1B,液压元件 > 液压泵,,MCY14-1B2.5,,,,,,,,,缺成本价+缺售价
2082335555428827139,MCY14-1B,液压元件 > 液压泵,,MCY14-1B25,,,,,,,,,缺成本价+缺售价
2082335555428827142,MCY14-1B,液压元件 > 液压泵,,MCY14-1B40,,,,,,,,,缺成本价+缺售价
2082335621484920834,MYCY,液压元件 > 液压泵,,MYCY63,,,,,,,,,缺成本价+缺售价
2082335359265423363,SCY14-1B,液压元件 > 液压泵,,SCY14-1B10,,,,,,,,,缺成本价+缺售价
2082335719811989507,YCY,液压元件 > 液压泵,,YCY25,,,,,,,,,缺成本价+缺售价
2082335719811989506,YCY,液压元件 > 液压泵,,YCY80,,,,,,,,,缺成本价+缺售价
2082352099437330434,油泵,液压元件 > 液压泵,,COP-13A,,,,,,,,,缺成本价+缺售价
2082352099370221575,油泵,液压元件 > 液压泵,,PV2R1-10,,,,,,,,,缺成本价+缺售价
2082352099370221574,油泵,液压元件 > 液压泵,,PV2R1-12,,,,,,,,,缺成本价+缺售价
2082352099370221573,油泵,液压元件 > 液压泵,,PV2R1-14,,,,,,,,,缺成本价+缺售价
2082377871543779330,油泵,液压元件 > 液压泵,,PV2R1-19,,,,,,,,,缺成本价+缺售价
2082352099370221572,油泵,液压元件 > 液压泵,,PV2R1-23,,,,,,,,,缺成本价+缺售价
2082352099370221571,油泵,液压元件 > 液压泵,,PV2R1-25,,,,,,,,,缺成本价+缺售价
2082352099370221570,油泵,液压元件 > 液压泵,,PV2R1-28,,,,,,,,,缺成本价+缺售价
2082352099370221569,油泵,液压元件 > 液压泵,,PV2R1-31,,,,,,,,,缺成本价+缺售价
2082352099370221576,油泵,液压元件 > 液压泵,,PV2R1-8,,,,,,,,,缺成本价+缺售价
2082352099437330433,油泵,液压元件 > 液压泵,,PV2R2-26,,,,,,,,,缺成本价+缺售价
2082352099370221580,油泵,液压元件 > 液压泵,,PV2R2-33,,,,,,,,,缺成本价+缺售价
2082352099370221577,油泵,液压元件 > 液压泵,,PV2R2-53,,,,,,,,,缺成本价+缺售价
2082352099370221578,油泵,液压元件 > 液压泵,,PV2R2-59,,,,,,,,,缺成本价+缺售价
2082352099370221579,油泵,液压元件 > 液压泵,,PV2R2-65,,,,,,,,,缺成本价+缺售价
2082351413177892865,油泵,液压元件 > 液压泵,,PVF1-08,,,,,,,,,缺成本价+缺售价
2082351498821386242,油泵,液压元件 > 液压泵,,PVF1-12,,,,,,,,,缺成本价+缺售价
2082347493823102979,油泵,液压元件 > 液压泵,,VP-20-20,,,,,,,,,缺成本价+缺售价
2082347493823102982,油泵,液压元件 > 液压泵,,VP-30,,,,,,,,,缺成本价+缺售价
2082347493823102980,油泵,液压元件 > 液压泵,,VP-30-30,,,,,,,,,缺成本价+缺售价
2082347493823102981,油泵,液压元件 > 液压泵,,VP-40-40,,,,,,,,,缺成本价+缺售价
2082352195952459778,电机配油泵,液压元件 > 液压泵,,3-PHASE,,,,,,,,,缺成本价+缺售价
2082351294353260566,齿轮泵,液压元件 > 液压泵,,AR22-FR01G-20,,,,,,,,,缺成本价+缺售价
2082351294353260547,齿轮泵,液压元件 > 液压泵,,CB-B10,,,,,,,,,缺成本价+缺售价
2082351294353260554,齿轮泵,液压元件 > 液压泵,,CB-B125,,,,,,,,,缺成本价+缺售价
2082351294353260548,齿轮泵,液压元件 > 液压泵,,CB-B16,,,,,,,,,缺成本价+缺售价
2082351294353260546,齿轮泵,液压元件 > 液压泵,,CB-B160,,,,,,,,,缺成本价+缺售价
2082351294353260550,齿轮泵,液压元件 > 液压泵,,CB-B2.5,,,,,,,,,缺成本价+缺售价
2082351294353260552,齿轮泵,液压元件 > 液压泵,,CB-B25,,,,,,,,,缺成本价+缺售价
2082351294353260551,齿轮泵,液压元件 > 液压泵,,CB-B4,,,,,,,,,缺成本价+缺售价
2082351294353260549,齿轮泵,液压元件 > 液压泵,,CB-B6,,,,,,,,,缺成本价+缺售价
2082351294353260553,齿轮泵,液压元件 > 液压泵,,CB-B63,,,,,,,,,缺成本价+缺售价
2082351294353260565,齿轮泵,液压元件 > 液压泵,,CBE-32B,,,,,,,,,缺成本价+缺售价
2082351294353260559,齿轮泵,液压元件 > 液压泵,,CBN-306右单,,,,,,,,,缺成本价+缺售价
2082351294353260557,齿轮泵,液压元件 > 液压泵,,CBN-306左单,,,,,,,,,缺成本价+缺售价
2082351294353260561,齿轮泵,液压元件 > 液压泵,,CBN-306平,,,,,,,,,缺成本价+缺售价
2082351294353260558,齿轮泵,液压元件 > 液压泵,,CBN-E314,,,,,,,,,缺成本价+缺售价
2082351294353260560,齿轮泵,液压元件 > 液压泵,,CBN-E325,,,,,,,,,缺成本价+缺售价
2082351294353260556,齿轮泵,液压元件 > 液压泵,,CBN-E550,,,,,,,,,缺成本价+缺售价
2082351294353260562,齿轮泵,液压元件 > 液压泵,,CBN-F320,,,,,,,,,缺成本价+缺售价
2082351294353260555,齿轮泵,液压元件 > 液压泵,,CBN-F532,,,,,,,,,缺成本价+缺售价
2082351294353260564,齿轮泵,液压元件 > 液压泵,,CBT-306,,,,,,,,,缺成本价+缺售价
2082351294353260563,齿轮泵,液压元件 > 液压泵,,CBT-E306,,,,,,,,,缺成本价+缺售价
2082351294353260577,齿轮泵,液压元件 > 液压泵,,GPY-11.5R,,,,,,,,,缺成本价+缺售价
2082351294353260576,齿轮泵,液压元件 > 液压泵,,GPY-3R,,,,,,,,,缺成本价+缺售价
2082351294353260578,齿轮泵,液压元件 > 液压泵,,GPY-5.8R,,,,,,,,,缺成本价+缺售价
2082351294353260575,齿轮泵,液压元件 > 液压泵,,GPY-8R,,,,,,,,,缺成本价+缺售价
2082351294353260568,齿轮泵,液压元件 > 液压泵,,HGP-1A-3R,,,,,,,,,缺成本价+缺售价
2082351294353260572,齿轮泵,液压元件 > 液压泵,,HGP-2A-10R,,,,,,,,,缺成本价+缺售价
2082351294353260574,齿轮泵,液压元件 > 液压泵,,HGP-2A-12R,,,,,,,,,缺成本价+缺售价
2082351294353260573,齿轮泵,液压元件 > 液压泵,,HGP-2A-4R,,,,,,,,,缺成本价+缺售价
2082351294353260569,齿轮泵,液压元件 > 液压泵,,HGP-2A-6R,,,,,,,,,缺成本价+缺售价
2082351294353260571,齿轮泵,液压元件 > 液压泵,,HGP-2A-8R,,,,,,,,,缺成本价+缺售价
2082351294353260570,齿轮泵,液压元件 > 液压泵,,HGP-2A-9R,,,,,,,,,缺成本价+缺售价
2082351294353260567,齿轮泵,液压元件 > 液压泵,,HGP-3AF-23R,,,,,,,,,缺成本价+缺售价
1960505692800475138,油压表,液压元件 > 压力表,,0.25kg 1/8牙,,,,,,,,,缺成本价+缺售价
1960505692800475137,油压表,液压元件 > 压力表,,35kg 1/4牙,,,,,,,,,缺成本价+缺售价
1959537119768600577,三寸过滤网,液压元件 > 液压配件,,三寸滤网,个,38.00,,,,,,,缺售价
1961769205619568641,制冷电磁阀,流体管路 > 电磁水阀,百达,FDF-8 220V,个,,,,,,,,缺成本价+缺售价
1962482885789298690,电磁水阀,流体管路 > 电磁水阀,YPCN,UW20-24V,个,,,,,,,,缺成本价+缺售价
1961761688063639554,电磁水阀,流体管路 > 电磁水阀,卓良(zholo),Q22XD-2,个,,,,,,,,缺成本价+缺售价
1961761688063639556,电磁水阀,流体管路 > 电磁水阀,卓良(zholo),Q23XD-2 220V,个,,,,,,,,缺成本价+缺售价
1961761688063639555,电磁水阀,流体管路 > 电磁水阀,卓良(zholo),Q23XD-2 24V,个,,,,,,,,缺成本价+缺售价
1962479393536290820,电磁水阀,流体管路 > 电磁水阀,恒荣（地球）,2W02508-220V,个,,35.00,,,,,,缺成本价
1962479393536290819,电磁水阀,流体管路 > 电磁水阀,恒荣（地球）,2W02508-24V,个,,35.00,,,,,,缺成本价
1962479393536290818,电磁水阀,流体管路 > 电磁水阀,恒荣（地球）,2W20020-12V,个,,,,,,,,缺成本价+缺售价
1962479393536290817,电磁水阀,流体管路 > 电磁水阀,恒荣（地球）,2W20020-24V,个,,,,,,,,缺成本价+缺售价
1950136556111044617,电磁水阀,流体管路 > 电磁水阀,恒荣（地球）,2W40040-220V,个,,,,,,,,缺成本价+缺售价
1961760984511086594,电磁水阀,流体管路 > 电磁水阀,恒荣（地球）,2W50050-220V,个,,,,,,,,缺成本价+缺售价
1962486792536010754,电磁水阀,流体管路 > 电磁水阀,永灵,DF40-220V,个,,,,,,,,缺成本价+缺售价
1962486792536010755,电磁水阀,流体管路 > 电磁水阀,永灵,DF50-220V,个,,,,,,,,缺成本价+缺售价
1950103654535045122,电磁水阀,流体管路 > 电磁水阀,海达（HNDA）,2W02508-220V,个,20.00,33.50,,,,,,
1950103654539239425,电磁水阀,流体管路 > 电磁水阀,海达（HNDA）,2W16015-220V,个,,,,,,,,缺成本价+缺售价
1962480950189305858,电磁水阀,流体管路 > 电磁水阀,海达（HNDA）,2W16015-24V,个,,,,,,,,缺成本价+缺售价
1962480950189305859,电磁水阀,流体管路 > 电磁水阀,海达（HNDA）,2W25025-24V,个,,,,,,,,缺成本价+缺售价
1950105795827900419,电磁水阀,流体管路 > 电磁水阀,海达（HNDA）,2W35035-220V,个,70.00,,,,,,,缺售价
1961768875909525505,电磁水阀,流体管路 > 电磁水阀,海达（HNDA）,HCS721-15 220V,个,,,,,,,,缺成本价+缺售价
1950105795827900418,电磁水阀,流体管路 > 电磁水阀,海达（HNDA）,PU22008-220V,个,20.00,,,,,,,缺售价
1961761450645061633,电磁水阀,流体管路 > 电磁水阀,盛达(SDPC),Q22XD-2,个,,,,,,,,缺成本价+缺售价
1961761450645061635,电磁水阀,流体管路 > 电磁水阀,盛达(SDPC),Q23XD-2 220V,个,,,,,,,,缺成本价+缺售价
1961761450645061634,电磁水阀,流体管路 > 电磁水阀,盛达(SDPC),Q23XD-2 24V,个,,,,,,,,缺成本价+缺售价
1950136556115238915,电磁水阀,流体管路 > 电磁水阀,神州,0927300 24V,个,,,,,,,,缺成本价+缺售价
1950136556115238916,电磁水阀,流体管路 > 电磁水阀,神州,2W-040-10 220V,个,,,,,,,,缺成本价+缺售价
1950136556115238917,电磁水阀,流体管路 > 电磁水阀,神州,2W-040-10 24V,个,,,,,,,,缺成本价+缺售价
1950136556115238919,电磁水阀,流体管路 > 电磁水阀,神州,2W-160-20 220V,个,,,,,,,,缺成本价+缺售价
1950136556111044613,电磁水阀,流体管路 > 电磁水阀,神州,2W-35 220V,个,,,,,,,,缺成本价+缺售价
1950136556111044612,电磁水阀,流体管路 > 电磁水阀,神州,2W-35 24V,个,,,,,,,,缺成本价+缺售价
1950136556111044610,电磁水阀,流体管路 > 电磁水阀,神州,2W025-08 24V,个,,,,,,,,缺成本价+缺售价
1950136556111044611,电磁水阀,流体管路 > 电磁水阀,神州,2W200-20 220V,个,,,,,,,,缺成本价+缺售价
1950136556111044614,电磁水阀,流体管路 > 电磁水阀,神州,2W200-20 24V,个,,,,,,,,缺成本价+缺售价
1962486493792514051,电磁水阀,流体管路 > 电磁水阀,神州,2W20020-110V,个,,,,,,,,缺成本价+缺售价
1962486493792514050,电磁水阀,流体管路 > 电磁水阀,神州,2W35 1+2,个,,,,,,,,缺成本价+缺售价
1962486493792514049,电磁水阀,流体管路 > 电磁水阀,神州,2W50050-220V,个,,,,,,,,缺成本价+缺售价
1950136556111044615,电磁水阀,流体管路 > 电磁水阀,神州,US-300-30 220V,个,,,,,,,,缺成本价+缺售价
1950136556115238914,电磁水阀,流体管路 > 电磁水阀,神州,US-40 220V,个,,,,,,,,缺成本价+缺售价
1950136556111044616,电磁水阀,流体管路 > 电磁水阀,神州,US-500-50 220V,个,,,,,,,,缺成本价+缺售价
1962482284720369665,电磁水阀（UNI D）,流体管路 > 电磁水阀,UNI-D,UW15-24V,个,65.00,176.00,,,,,,
1962482532360466434,电磁水阀（UNI D）,流体管路 > 电磁水阀,UNI-D,UW20-24V,个,,,,,,,,缺成本价+缺售价
1995064220097527810,加厚内外牙铜球阀,流体管路 > 球阀,,2分,,,5.00,,,,,,缺成本价
1995064070155354114,加厚双内牙铜球阀,流体管路 > 球阀,,2分,,2.70,5.00,,,,,,
1995064414222499842,加厚宝塔铜球阀,流体管路 > 球阀,,2分插8,,2.95,5.00,,,,,,
1995064308563787778,精品内外牙铜球阀,流体管路 > 球阀,,2分,,3.85,7.00,,,,,,
1995065112595087362,精品宝塔铜球阀,流体管路 > 球阀,,2分插8,,4.30,8.00,,,,,,
1960283647718252545,不锈钢接头,流体管路 > 管件接头,,单头牙 2寸,个,2.30,,,,,,,缺售价
1960283647714058241,不锈钢接头,流体管路 > 管件接头,,弯头DN50,个,12.30,,,,,,,缺售价
1960283647722446851,不锈钢接头,流体管路 > 管件接头,,焊接弯头DN50,个,5.80,,,,,,,缺售价
1960283647722446850,不锈钢接头,流体管路 > 管件接头,,球阀Q11F-16（DN20）,个,48.50,,,,,,,缺售价
1957000125276536834,堵头,流体管路 > 管件接头,,8/3 3分,,0.35,,,,,,,缺售价
1997998665884581893,补芯,流体管路 > 管件接头,,1寸补4分,个,,,,,,,,缺成本价+缺售价
1997998665884581892,补芯,流体管路 > 管件接头,,1寸补6分,个,,,,,,,,缺成本价+缺售价
1997998665884581890,补芯,流体管路 > 管件接头,,2分内外牙,个,,,,,,,,缺成本价+缺售价
1997998665884581889,补芯,流体管路 > 管件接头,,2分补1分,个,,,,,,,,缺成本价+缺售价
1997998665884581891,补芯,流体管路 > 管件接头,,3分补2分,个,,,,,,,,缺成本价+缺售价
1997998665880387587,补芯,流体管路 > 管件接头,,4分补2分,个,,,,,,,,缺成本价+缺售价
1997998665880387586,补芯,流体管路 > 管件接头,,4分补3分,个,,,,,,,,缺成本价+缺售价
1997998665888776193,补芯,流体管路 > 管件接头,,4分补M14*1.5分,个,,,,,,,,缺成本价+缺售价
1957000754212421634,补芯,流体管路 > 管件接头,,6分补4分,个,1.30,,,,,,,缺售价
1998238988841861123,补芯,流体管路 > 管件接头,,外丝2*1,个,,,,,,,,缺成本价+缺售价
1998238988837666819,补芯,流体管路 > 管件接头,,外丝3*2,个,,,,,,,,缺成本价+缺售价
1998238988833472514,补芯,流体管路 > 管件接头,,外丝4*2,个,,,,,,,,缺成本价+缺售价
1998238988837666817,补芯,流体管路 > 管件接头,,外丝4*3,个,,,,,,,,缺成本价+缺售价
1998238988841861121,补芯,流体管路 > 管件接头,,外丝两头1分,个,,,,,,,,缺成本价+缺售价
1998238988841861122,补芯,流体管路 > 管件接头,,外丝两头2分,个,,,,,,,,缺成本价+缺售价
1998238988837666818,补芯,流体管路 > 管件接头,,外丝两头3分,个,,,,,,,,缺成本价+缺售价
1998238988837666820,补芯,流体管路 > 管件接头,,外丝两头4分,个,,,,,,,,缺成本价+缺售价
2082328570662764546,铜螺帽,流体管路 > 管件接头,,2分,个,0.30,1.00,,,,,,
1960281430005178372,镀锌街头,流体管路 > 管件接头,,三通 （内牙）直径 50,个,7.35,,,,,,,缺售价
1960281430000984065,镀锌街头,流体管路 > 管件接头,,内接（外牙）直径 15,个,0.55,,,,,,,缺售价
1960281430000984066,镀锌街头,流体管路 > 管件接头,,内接（外牙）直径 25,个,1.13,,,,,,,缺售价
1960281430005178370,镀锌街头,流体管路 > 管件接头,,内接（外牙）直径 55,个,3.59,,,,,,,缺售价
1960281430005178371,镀锌街头,流体管路 > 管件接头,,弯头 （内牙）直径 15,个,0.71,,,,,,,缺售价
1977281048370749441,不锈钢喉箍,流体管路 > 喉箍,,不锈钢喉箍 10-16mm,个,0.30,,,,,,,缺售价
1977281048374943753,不锈钢喉箍,流体管路 > 喉箍,,不锈钢喉箍 105-127mm,个,0.90,,,,,,,缺售价
1977281048374943754,不锈钢喉箍,流体管路 > 喉箍,,不锈钢喉箍 155-180mm,个,1.70,,,,,,,缺售价
1977281048374943746,不锈钢喉箍,流体管路 > 喉箍,,不锈钢喉箍 16-29mm,个,0.35,,,,,,,缺售价
1977281048374943747,不锈钢喉箍,流体管路 > 喉箍,,不锈钢喉箍 18-32mm,个,0.45,,,,,,,缺售价
1977281048374943755,不锈钢喉箍,流体管路 > 喉箍,,不锈钢喉箍 194-216mm,个,1.80,,,,,,,缺售价
1977281048374943748,不锈钢喉箍,流体管路 > 喉箍,,不锈钢喉箍 25-38mm,个,0.45,,,,,,,缺售价
1977281048374943749,不锈钢喉箍,流体管路 > 喉箍,,不锈钢喉箍 32-44mm,个,0.45,,,,,,,缺售价
1977281048374943750,不锈钢喉箍,流体管路 > 喉箍,,不锈钢喉箍 44-67mm,个,0.55,,,,,,,缺售价
1977281048374943751,不锈钢喉箍,流体管路 > 喉箍,,不锈钢喉箍 65-89mm,个,0.65,,,,,,,缺售价
1977281048374943752,不锈钢喉箍,流体管路 > 喉箍,,不锈钢喉箍 91-114mm,个,0.80,,,,,,,缺售价
1977281284203880450,欧式强力喉箍,流体管路 > 喉箍,,欧式强力喉箍 304 187mm,个,22.00,,,,,,,缺售价
1977281443285442561,镀锌强力喉箍,流体管路 > 喉箍,,老虎夹镀锌强力喉箍 187mm,个,11.00,,,,,,,缺售价
2082355456956710914,冷却器,流体管路 > 冷却管,,OR-250,,,,,,,,,缺成本价+缺售价
2082355456956710916,冷却器,流体管路 > 冷却管,,OR-50,,,,,,,,,缺成本价+缺售价
2082355456956710917,冷却器,流体管路 > 冷却管,,OR-60,,,,,,,,,缺成本价+缺售价
2082355456956710915,冷却器,流体管路 > 冷却管,,OR-600,,,,,,,,,缺成本价+缺售价
1959067938031964162,冷却管,流体管路 > 冷却管,,2分（圆）,根,,,,,,,,缺成本价+缺售价
1959067938027769858,冷却管,流体管路 > 冷却管,,2分（扁）,根,,,,,,,,缺成本价+缺售价
1959067938031964164,冷却管,流体管路 > 冷却管,,3分（圆）,根,,,,,,,,缺成本价+缺售价
1959067938031964163,冷却管,流体管路 > 冷却管,,3分（扁）,根,,,,,,,,缺成本价+缺售价
1959067938031964166,冷却管,流体管路 > 冷却管,,4分（圆）,根,,6.00,,,,,,缺成本价
1959067938031964165,冷却管,流体管路 > 冷却管,,4分（扁）,根,,6.00,,,,,,缺成本价
1956999879725203457,黄油嘴,流体管路 > 黄油嘴,,M10,,0.25,,,,,,,缺售价
